user_id,user_name,year_month,bet_amount,effective_amount,win_loss,rebate_amount,bet_count
亦12570,亦12570,2025-04,340.0,340.0,0,0,2
伶94139,伶94139,2025-04,47870.0,47870.0,0,0,30
俞62280,俞62280,2025-04,33060.0,33060.0,0,0,20
倫28041,倫28041,2025-04,22790.0,22790.0,0,0,23
健19267,健19267,2025-04,11100.0,11100.0,0,0,30
傑23464,傑23464,2025-04,500.0,500.0,0,0,1
傑23883,傑23883,2025-04,11070.0,11070.0,0,0,20
凌44746,凌44746,2025-04,36470.0,36470.0,0,0,20
凱84338,凱84338,2025-04,37500.0,37500.0,0,0,22
凱96243,凱96243,2025-04,1500.0,1500.0,0,0,3
勳11486,勳11486,2025-04,31660.0,31660.0,0,0,25
勳31958,勳31958,2025-04,6000.0,6000.0,0,0,20
勳58638,勳58638,2025-04,4410.0,4410.0,0,0,20
叡47110,叡47110,2025-04,8160.0,8160.0,0,0,25
名86692,名86692,2025-04,153470.0,153470.0,0,0,25
君86170,君86170,2025-04,1020.0,1020.0,0,0,3
和36894,和36894,2025-04,11790.0,11790.0,0,0,29
喜15503,喜15503,2025-04,193670.0,193670.0,0,0,30
均12175,均12175,2025-04,1280.0,1280.0,0,0,11
威71924,威71924,2025-04,140270.0,140270.0,0,0,5
婕76351,婕76351,2025-04,3510.0,3510.0,0,0,27
存62511,存62511,2025-04,10520.0,10520.0,0,0,22
宇47054,宇47054,2025-04,38320.0,38320.0,0,0,29
安20936,安20936,2025-04,13840.0,13840.0,0,0,22
安53940,安53940,2025-04,638520.0,638520.0,0,0,30
宏27198,宏27198,2025-04,250.0,250.0,0,0,2
宏60063,宏60063,2025-04,6600.0,6600.0,0,0,19
宏98412,宏98412,2025-04,31000.0,31000.0,0,0,13
宣74217,宣74217,2025-04,96140.0,96140.0,0,0,13
家66121,家66121,2025-04,22240.0,22240.0,0,0,20
宸03518,宸03518,2025-04,36850.0,36850.0,0,0,29
宸36021,宸36021,2025-04,5570.0,5570.0,0,0,17
容29078,容29078,2025-04,1300.0,1300.0,0,0,8
富31837,富31837,2025-04,11220.0,11220.0,0,0,23
寧01591,寧01591,2025-04,35460.0,35460.0,0,0,11
寶70120,寶70120,2025-04,1000.0,1000.0,0,0,1
屹62125,屹62125,2025-04,700.0,700.0,0,0,5
峰88381,峰88381,2025-04,12920.0,12920.0,0,0,16
庭27805,庭27805,2025-04,97940.0,97940.0,0,0,27
廉54480,廉54480,2025-04,300.0,300.0,0,0,1
廷30202,廷30202,2025-04,2200.0,2200.0,0,0,6
廷62678,廷62678,2025-04,14000.0,14000.0,0,0,1
弘68935,弘68935,2025-04,6870.0,6870.0,0,0,12
彬75573,彬75573,2025-04,8190.0,8190.0,0,0,28
忠64375,忠64375,2025-04,2030.0,2030.0,0,0,7
惠88961,惠88961,2025-04,49440.0,49440.0,0,0,30
意75407,意75407,2025-04,840.0,840.0,0,0,3
愷52793,愷52793,2025-04,3380.0,3380.0,0,0,4
承10215,承10215,2025-04,57510.0,57510.0,0,0,30
文53688,文53688,2025-04,4500.0,4500.0,0,0,3
文81466,文81466,2025-04,4690.0,4690.0,0,0,6
晏33522,晏33522,2025-04,4000.0,4000.0,0,0,1
曦36235,曦36235,2025-04,17490.0,17490.0,0,0,19
榮17126,榮17126,2025-04,9050.0,9050.0,0,0,17
榮24362,榮24362,2025-04,8660.0,8660.0,0,0,22
樺50708,樺50708,2025-04,1200.0,1200.0,0,0,3
欣49525,欣49525,2025-04,14380.0,14380.0,0,0,5
欣73688,欣73688,2025-04,1530.0,1530.0,0,0,5
毅05859,毅05859,2025-04,47270.0,47270.0,0,0,30
沛56848,沛56848,2025-04,47740.0,47740.0,0,0,23
洋76635,洋76635,2025-04,82140.0,82140.0,0,0,20
涵54985,涵54985,2025-04,1370.0,1370.0,0,0,5
涵60652,涵60652,2025-04,5290.0,5290.0,0,0,12
源93055,源93055,2025-04,7450.0,7450.0,0,0,21
燁79955,燁79955,2025-04,2670.0,2670.0,0,0,16
玄80100,玄80100,2025-04,2280.0,2280.0,0,0,15
玉50886,玉50886,2025-04,2340.0,2340.0,0,0,12
玟95271,玟95271,2025-04,17360.0,17360.0,0,0,12
珀26821,珀26821,2025-04,14570.0,14570.0,0,0,30
珊34062,珊34062,2025-04,1100.0,1100.0,0,0,7
珠25750,珠25750,2025-04,23660.0,23660.0,0,0,9
瑩16876,瑩16876,2025-04,2650.0,2650.0,0,0,5
瑩60666,瑩60666,2025-04,13880.0,13880.0,0,0,25
璿99388,璿99388,2025-04,70430.0,70430.0,0,0,26
甯19553,甯19553,2025-04,6700.0,6700.0,0,0,14
盈95104,盈95104,2025-04,2370.0,2370.0,0,0,18
益08378,益08378,2025-04,27270.0,27270.0,0,0,30
祥08774,祥08774,2025-04,12280.0,12280.0,0,0,24
禧32526,禧32526,2025-04,350650.0,350650.0,0,0,16
秀33329,秀33329,2025-04,100.0,100.0,0,0,1
維13812,維13812,2025-04,10910.0,10910.0,0,0,10
維32776,維32776,2025-04,12160.0,12160.0,0,0,29
維57981,維57981,2025-04,9300.0,9300.0,0,0,29
緯39201,緯39201,2025-04,16010.0,16010.0,0,0,13
緯93650,緯93650,2025-04,4630.0,4630.0,0,0,15
羽85928,羽85928,2025-04,5300.0,5300.0,0,0,19
翊87829,翊87829,2025-04,16020.0,16020.0,0,0,27
翔48752,翔48752,2025-04,73890.0,73890.0,0,0,25
翔98531,翔98531,2025-04,19370.0,19370.0,0,0,14
聖11763,聖11763,2025-04,151330.0,151330.0,0,0,30
芬41176,芬41176,2025-04,4930.0,4930.0,0,0,11
芸82169,芸82169,2025-04,27250.0,27250.0,0,0,30
莉85335,莉85335,2025-04,2610.0,2610.0,0,0,13
菘50858,菘50858,2025-04,6100.0,6100.0,0,0,20
菱05459,菱05459,2025-04,26150.0,26150.0,0,0,26
蓁78959,蓁78959,2025-04,2290.0,2290.0,0,0,9
蓉00051,蓉00051,2025-04,7020.0,7020.0,0,0,17
蓉73052,蓉73052,2025-04,6280.0,6280.0,0,0,12
薇84646,薇84646,2025-04,10210.0,10210.0,0,0,16
親54562,親54562,2025-04,11870.0,11870.0,0,0,7
謙32533,謙32533,2025-04,3610.0,3610.0,0,0,15
豪59151,豪59151,2025-04,3100.0,3100.0,0,0,8
賢20426,賢20426,2025-04,9520.0,9520.0,0,0,15
軒05602,軒05602,2025-04,115490.0,115490.0,0,0,30
軒09236,軒09236,2025-04,5780.0,5780.0,0,0,16
軒64007,軒64007,2025-04,16310.0,16310.0,0,0,27
鎰31980,鎰31980,2025-04,5010.0,5010.0,0,0,8
霖13690,霖13690,2025-04,930.0,930.0,0,0,8
非34597,非34597,2025-04,125400.0,125400.0,0,0,11
順82168,順82168,2025-04,6430.0,6430.0,0,0,2
馨98939,馨98939,2025-04,20720.0,20720.0,0,0,30
駪01151,駪01151,2025-04,2000.0,2000.0,0,0,1
鴻56845,鴻56845,2025-04,78420.0,78420.0,0,0,6
予76099,予76099,2025-05,3190.0,3190.0,0,0,3
亦12570,亦12570,2025-05,300.0,300.0,0,0,2
伶94139,伶94139,2025-05,58350.0,58350.0,0,0,29
俞62280,俞62280,2025-05,17190.0,17190.0,0,0,21
倫28041,倫28041,2025-05,4290.0,4290.0,0,0,8
健19267,健19267,2025-05,2250.0,2250.0,0,0,17
傑23883,傑23883,2025-05,12240.0,12240.0,0,0,16
傑55303,傑55303,2025-05,900.0,900.0,0,0,5
凌44746,凌44746,2025-05,47890.0,47890.0,0,0,27
凱44136,凱44136,2025-05,7730.0,7730.0,0,0,8
凱84338,凱84338,2025-05,29400.0,29400.0,0,0,12
凱96243,凱96243,2025-05,2720.0,2720.0,0,0,10
勳11486,勳11486,2025-05,23580.0,23580.0,0,0,23
勳31958,勳31958,2025-05,14660.0,14660.0,0,0,26
勳58638,勳58638,2025-05,320.0,320.0,0,0,3
卉26953,卉26953,2025-05,2850.0,2850.0,0,0,16
叡47110,叡47110,2025-05,8190.0,8190.0,0,0,23
名86692,名86692,2025-05,27380.0,27380.0,0,0,12
君40100,君40100,2025-05,4070.0,4070.0,0,0,2
君86170,君86170,2025-05,200.0,200.0,0,0,1
和36894,和36894,2025-05,14210.0,14210.0,0,0,27
喜15503,喜15503,2025-05,542970.0,542970.0,0,0,28
喻38606,喻38606,2025-05,300.0,300.0,0,0,3
威71924,威71924,2025-05,179190.0,179190.0,0,0,27
婕76351,婕76351,2025-05,3600.0,3600.0,0,0,29
嫆21163,嫆21163,2025-05,2800.0,2800.0,0,0,10
存62511,存62511,2025-05,7450.0,7450.0,0,0,18
宇30732,宇30732,2025-05,1530.0,1530.0,0,0,5
宇42540,宇42540,2025-05,16350.0,16350.0,0,0,20
宇47054,宇47054,2025-05,47300.0,47300.0,0,0,26
宇89108,宇89108,2025-05,5360.0,5360.0,0,0,13
安20936,安20936,2025-05,7880.0,7880.0,0,0,21
安53940,安53940,2025-05,170670.0,170670.0,0,0,29
宏60063,宏60063,2025-05,1350.0,1350.0,0,0,5
宏98412,宏98412,2025-05,7350.0,7350.0,0,0,11
宣74217,宣74217,2025-05,14910.0,14910.0,0,0,6
家66121,家66121,2025-05,15220.0,15220.0,0,0,21
宸03518,宸03518,2025-05,12230.0,12230.0,0,0,18
宸36021,宸36021,2025-05,3750.0,3750.0,0,0,13
容29078,容29078,2025-05,200.0,200.0,0,0,1
富31837,富31837,2025-05,13010.0,13010.0,0,0,17
寧01591,寧01591,2025-05,19090.0,19090.0,0,0,16
屹62125,屹62125,2025-05,1300.0,1300.0,0,0,6
岑89796,岑89796,2025-05,4670.0,4670.0,0,0,21
峰88381,峰88381,2025-05,1100.0,1100.0,0,0,4
峻59497,峻59497,2025-05,2030.0,2030.0,0,0,5
庭27805,庭27805,2025-05,62420.0,62420.0,0,0,23
廷62678,廷62678,2025-05,232800.0,232800.0,0,0,22
弘68935,弘68935,2025-05,4230.0,4230.0,0,0,10
彬75573,彬75573,2025-05,8980.0,8980.0,0,0,29
彰77020,彰77020,2025-05,1260.0,1260.0,0,0,3
徹59525,徹59525,2025-05,2240.0,2240.0,0,0,8
忠64375,忠64375,2025-05,3060.0,3060.0,0,0,7
恩60245,恩60245,2025-05,11600.0,11600.0,0,0,10
惠88961,惠88961,2025-05,25300.0,25300.0,0,0,29
意75407,意75407,2025-05,100.0,100.0,0,0,1
愷52793,愷52793,2025-05,10420.0,10420.0,0,0,6
承10215,承10215,2025-05,77060.0,77060.0,0,0,28
文53688,文53688,2025-05,13590.0,13590.0,0,0,6
旻05248,旻05248,2025-05,1000.0,1000.0,0,0,3
旻65571,旻65571,2025-05,3490.0,3490.0,0,0,10
晏33522,晏33522,2025-05,300.0,300.0,0,0,1
曦36235,曦36235,2025-05,53820.0,53820.0,0,0,23
桓53540,桓53540,2025-05,200.0,200.0,0,0,1
榮17126,榮17126,2025-05,2050.0,2050.0,0,0,8
榮24362,榮24362,2025-05,13050.0,13050.0,0,0,25
欣73688,欣73688,2025-05,200.0,200.0,0,0,2
毅05859,毅05859,2025-05,15460.0,15460.0,0,0,14
沛56848,沛56848,2025-05,35970.0,35970.0,0,0,28
涵54985,涵54985,2025-05,870.0,870.0,0,0,3
涵56458,涵56458,2025-05,2050.0,2050.0,0,0,9
涵59495,涵59495,2025-05,100.0,100.0,0,0,1
涵60652,涵60652,2025-05,21930.0,21930.0,0,0,16
涵76201,涵76201,2025-05,6250.0,6250.0,0,0,11
源93055,源93055,2025-05,7950.0,7950.0,0,0,15
燁79955,燁79955,2025-05,500.0,500.0,0,0,3
玄80100,玄80100,2025-05,670.0,670.0,0,0,6
玉50886,玉50886,2025-05,1280.0,1280.0,0,0,7
玟95271,玟95271,2025-05,13580.0,13580.0,0,0,13
珀26821,珀26821,2025-05,30340.0,30340.0,0,0,29
珊34062,珊34062,2025-05,600.0,600.0,0,0,5
珠25750,珠25750,2025-05,51800.0,51800.0,0,0,10
瑄61066,瑄61066,2025-05,4910.0,4910.0,0,0,12
瑋61797,瑋61797,2025-05,5690.0,5690.0,0,0,7
瑩16876,瑩16876,2025-05,500.0,500.0,0,0,1
瑩60666,瑩60666,2025-05,24740.0,24740.0,0,0,29
璿99388,璿99388,2025-05,3100.0,3100.0,0,0,3
甯19553,甯19553,2025-05,3690.0,3690.0,0,0,7
皓03704,皓03704,2025-05,1600.0,1600.0,0,0,3
盈95104,盈95104,2025-05,2770.0,2770.0,0,0,18
益08378,益08378,2025-05,26330.0,26330.0,0,0,29
祥08774,祥08774,2025-05,14520.0,14520.0,0,0,25
禎76679,禎76679,2025-05,1570.0,1570.0,0,0,4
禧32526,禧32526,2025-05,91050.0,91050.0,0,0,23
維32776,維32776,2025-05,10130.0,10130.0,0,0,26
維57981,維57981,2025-05,6200.0,6200.0,0,0,29
綺10706,綺10706,2025-05,3900.0,3900.0,0,0,9
緯39201,緯39201,2025-05,800.0,800.0,0,0,3
緯93650,緯93650,2025-05,9650.0,9650.0,0,0,19
羽85928,羽85928,2025-05,59600.0,59600.0,0,0,28
翊87829,翊87829,2025-05,210.0,210.0,0,0,1
翔48752,翔48752,2025-05,28260.0,28260.0,0,0,22
聖11763,聖11763,2025-05,31880.0,31880.0,0,0,29
臻25171,臻25171,2025-05,2700.0,2700.0,0,0,18
芬41176,芬41176,2025-05,2140.0,2140.0,0,0,3
芸82169,芸82169,2025-05,37890.0,37890.0,0,0,28
菘50858,菘50858,2025-05,5120.0,5120.0,0,0,23
菱05459,菱05459,2025-05,10370.0,10370.0,0,0,15
蓁78959,蓁78959,2025-05,590.0,590.0,0,0,2
蓉00051,蓉00051,2025-05,1400.0,1400.0,0,0,3
蓉73052,蓉73052,2025-05,3130.0,3130.0,0,0,11
薇84646,薇84646,2025-05,27470.0,27470.0,0,0,15
親54562,親54562,2025-05,3180.0,3180.0,0,0,6
諺30142,諺30142,2025-05,4500.0,4500.0,0,0,3
謙32533,謙32533,2025-05,2250.0,2250.0,0,0,15
豪59151,豪59151,2025-05,5000.0,5000.0,0,0,11
豪69270,豪69270,2025-05,3000.0,3000.0,0,0,1
豪75727,豪75727,2025-05,4600.0,4600.0,0,0,2
賢20426,賢20426,2025-05,3770.0,3770.0,0,0,10
賢79356,賢79356,2025-05,104160.0,104160.0,0,0,11
軒05602,軒05602,2025-05,29860.0,29860.0,0,0,28
軒09236,軒09236,2025-05,9800.0,9800.0,0,0,15
軒64007,軒64007,2025-05,3800.0,3800.0,0,0,10
遙29284,遙29284,2025-05,400.0,400.0,0,0,4
鈞52198,鈞52198,2025-05,100.0,100.0,0,0,1
銘66580,銘66580,2025-05,230.0,230.0,0,0,1
霖13690,霖13690,2025-05,100.0,100.0,0,0,1
非34597,非34597,2025-05,224300.0,224300.0,0,0,23
順82168,順82168,2025-05,2000.0,2000.0,0,0,2
馨98939,馨98939,2025-05,36600.0,36600.0,0,0,29
鴻70824,鴻70824,2025-05,8500.0,8500.0,0,0,5
亦12570,亦12570,2025-06,500.0,500.0,0,0,4
伶94139,伶94139,2025-06,49520.0,49520.0,0,0,30
俞62280,俞62280,2025-06,430.0,430.0,0,0,2
偉04701,偉04701,2025-06,910.0,910.0,0,0,6
健19267,健19267,2025-06,400.0,400.0,0,0,3
傑23883,傑23883,2025-06,1000.0,1000.0,0,0,5
傑55303,傑55303,2025-06,250.0,250.0,0,0,2
傑82469,傑82469,2025-06,4000.0,4000.0,0,0,3
元55038,元55038,2025-06,550.0,550.0,0,0,2
元58368,元58368,2025-06,500.0,500.0,0,0,1
凌44746,凌44746,2025-06,96410.0,96410.0,0,0,29
凱44136,凱44136,2025-06,1200.0,1200.0,0,0,3
凱84338,凱84338,2025-06,65500.0,65500.0,0,0,27
凱96243,凱96243,2025-06,100.0,100.0,0,0,1
勳11486,勳11486,2025-06,4190.0,4190.0,0,0,9
勳31514,勳31514,2025-06,1300.0,1300.0,0,0,8
勳31958,勳31958,2025-06,10120.0,10120.0,0,0,11
勳58638,勳58638,2025-06,1750.0,1750.0,0,0,6
卉26953,卉26953,2025-06,670.0,670.0,0,0,6
叡47110,叡47110,2025-06,1810.0,1810.0,0,0,8
名86692,名86692,2025-06,34650.0,34650.0,0,0,18
君40100,君40100,2025-06,40450.0,40450.0,0,0,19
和36894,和36894,2025-06,120.0,120.0,0,0,1
喜15503,喜15503,2025-06,569420.0,569420.0,0,0,30
喻38606,喻38606,2025-06,100.0,100.0,0,0,1
嘉08834,嘉08834,2025-06,7500.0,7500.0,0,0,3
均15908,均15908,2025-06,5000.0,5000.0,0,0,8
堯94865,堯94865,2025-06,19300.0,19300.0,0,0,5
夆71824,夆71824,2025-06,8550.0,8550.0,0,0,5
妤20335,妤20335,2025-06,3700.0,3700.0,0,0,8
威71924,威71924,2025-06,103660.0,103660.0,0,0,30
婕76351,婕76351,2025-06,900.0,900.0,0,0,9
婷79158,婷79158,2025-06,4500.0,4500.0,0,0,2
嫆21163,嫆21163,2025-06,500.0,500.0,0,0,5
嬨77522,嬨77522,2025-06,1100.0,1100.0,0,0,4
存62511,存62511,2025-06,77230.0,77230.0,0,0,25
宇42540,宇42540,2025-06,7270.0,7270.0,0,0,12
宇47054,宇47054,2025-06,26600.0,26600.0,0,0,18
宇89108,宇89108,2025-06,2910.0,2910.0,0,0,15
安20936,安20936,2025-06,6670.0,6670.0,0,0,16
安53940,安53940,2025-06,284800.0,284800.0,0,0,30
安67945,安67945,2025-06,400.0,400.0,0,0,1
宏27198,宏27198,2025-06,2500.0,2500.0,0,0,1
宏98412,宏98412,2025-06,45700.0,45700.0,0,0,22
宣74217,宣74217,2025-06,4470.0,4470.0,0,0,8
家66121,家66121,2025-06,200.0,200.0,0,0,1
宸03518,宸03518,2025-06,8100.0,8100.0,0,0,13
宸36021,宸36021,2025-06,12720.0,12720.0,0,0,16
富31837,富31837,2025-06,4850.0,4850.0,0,0,16
寧01591,寧01591,2025-06,100.0,100.0,0,0,1
屹62125,屹62125,2025-06,9700.0,9700.0,0,0,17
岑89796,岑89796,2025-06,3650.0,3650.0,0,0,20
峻59497,峻59497,2025-06,5770.0,5770.0,0,0,18
庭27805,庭27805,2025-06,45540.0,45540.0,0,0,24
庭69175,庭69175,2025-06,620.0,620.0,0,0,1
廷26066,廷26066,2025-06,4000.0,4000.0,0,0,2
廷30202,廷30202,2025-06,1990.0,1990.0,0,0,7
廷48228,廷48228,2025-06,6655.0,6655.0,0,0,2
廷62678,廷62678,2025-06,17840.0,17840.0,0,0,16
弘68935,弘68935,2025-06,200.0,200.0,0,0,1
彥57170,彥57170,2025-06,2050.0,2050.0,0,0,6
彬75573,彬75573,2025-06,5860.0,5860.0,0,0,29
彰77020,彰77020,2025-06,6510.0,6510.0,0,0,14
徹59525,徹59525,2025-06,890.0,890.0,0,0,4
忠64375,忠64375,2025-06,130.0,130.0,0,0,1
恩60245,恩60245,2025-06,120.0,120.0,0,0,1
恩76502,恩76502,2025-06,3710.0,3710.0,0,0,2
惠88961,惠88961,2025-06,8400.0,8400.0,0,0,17
愷52793,愷52793,2025-06,5660.0,5660.0,0,0,7
承10215,承10215,2025-06,4180.0,4180.0,0,0,10
捷53847,捷53847,2025-06,400.0,400.0,0,0,4
文88574,文88574,2025-06,1800.0,1800.0,0,0,8
旻65571,旻65571,2025-06,3680.0,3680.0,0,0,12
昇32949,昇32949,2025-06,200.0,200.0,0,0,1
晏33522,晏33522,2025-06,2190.0,2190.0,0,0,4
智30333,智30333,2025-06,35640.0,35640.0,0,0,20
曦36235,曦36235,2025-06,32410.0,32410.0,0,0,22
杰58638,杰58638,2025-06,760.0,760.0,0,0,3
桓53540,桓53540,2025-06,2130.0,2130.0,0,0,2
榮24362,榮24362,2025-06,6360.0,6360.0,0,0,17
欣95238,欣95238,2025-06,6700.0,6700.0,0,0,6
欽86573,欽86573,2025-06,100.0,100.0,0,0,1
毅05859,毅05859,2025-06,200.0,200.0,0,0,1
沛56848,沛56848,2025-06,21430.0,21430.0,0,0,27
洋76635,洋76635,2025-06,78530.0,78530.0,0,0,20
涓10816,涓10816,2025-06,12200.0,12200.0,0,0,3
涵54985,涵54985,2025-06,2010.0,2010.0,0,0,7
涵56458,涵56458,2025-06,1750.0,1750.0,0,0,2
涵59495,涵59495,2025-06,12200.0,12200.0,0,0,14
涵60652,涵60652,2025-06,32320.0,32320.0,0,0,20
涵76201,涵76201,2025-06,4560.0,4560.0,0,0,14
淇91733,淇91733,2025-06,40840.0,40840.0,0,0,24
源03591,源03591,2025-06,400.0,400.0,0,0,1
源93055,源93055,2025-06,760.0,760.0,0,0,5
潁48378,潁48378,2025-06,3650.0,3650.0,0,0,16
玄80100,玄80100,2025-06,1430.0,1430.0,0,0,7
玉50886,玉50886,2025-06,300.0,300.0,0,0,1
玟37109,玟37109,2025-06,200.0,200.0,0,0,1
玟95271,玟95271,2025-06,1900.0,1900.0,0,0,5
珀26821,珀26821,2025-06,12300.0,12300.0,0,0,22
珊34062,珊34062,2025-06,200.0,200.0,0,0,2
瑋35434,瑋35434,2025-06,7440.0,7440.0,0,0,4
瑜86129,瑜86129,2025-06,1230.0,1230.0,0,0,6
瑩60666,瑩60666,2025-06,11620.0,11620.0,0,0,28
璇75630,璇75630,2025-06,9160.0,9160.0,0,0,8
生01731,生01731,2025-06,2580.0,2580.0,0,0,5
甯19553,甯19553,2025-06,2780.0,2780.0,0,0,5
皓03704,皓03704,2025-06,1750.0,1750.0,0,0,5
盈95104,盈95104,2025-06,4340.0,4340.0,0,0,19
益08378,益08378,2025-06,27680.0,27680.0,0,0,30
祥08774,祥08774,2025-06,9870.0,9870.0,0,0,22
禧32526,禧32526,2025-06,164090.0,164090.0,0,0,23
維32776,維32776,2025-06,4880.0,4880.0,0,0,13
維57981,維57981,2025-06,5100.0,5100.0,0,0,30
綺10706,綺10706,2025-06,2610.0,2610.0,0,0,13
緯17509,緯17509,2025-06,56240.0,56240.0,0,0,17
緯39201,緯39201,2025-06,5300.0,5300.0,0,0,9
緯88403,緯88403,2025-06,2100.0,2100.0,0,0,5
緯93650,緯93650,2025-06,4140.0,4140.0,0,0,9
羽85928,羽85928,2025-06,50300.0,50300.0,0,0,25
翊87829,翊87829,2025-06,250.0,250.0,0,0,2
翔48752,翔48752,2025-06,40050.0,40050.0,0,0,27
聖11763,聖11763,2025-06,489840.0,489840.0,0,0,25
臻25171,臻25171,2025-06,5820.0,5820.0,0,0,26
良07389,良07389,2025-06,3500.0,3500.0,0,0,3
芃96336,芃96336,2025-06,4000.0,4000.0,0,0,2
芳10625,芳10625,2025-06,2800.0,2800.0,0,0,7
芸82169,芸82169,2025-06,9300.0,9300.0,0,0,15
茵20911,茵20911,2025-06,2850.0,2850.0,0,0,5
菘50858,菘50858,2025-06,2210.0,2210.0,0,0,6
華01249,華01249,2025-06,5000.0,5000.0,0,0,2
菱05459,菱05459,2025-06,200.0,200.0,0,0,2
薇84646,薇84646,2025-06,23000.0,23000.0,0,0,23
諺30142,諺30142,2025-06,9410.0,9410.0,0,0,4
謙32533,謙32533,2025-06,2440.0,2440.0,0,0,14
豪05940,豪05940,2025-06,6600.0,6600.0,0,0,11
豪59151,豪59151,2025-06,1000.0,1000.0,0,0,5
豪75727,豪75727,2025-06,18700.0,18700.0,0,0,3
賢79356,賢79356,2025-06,102010.0,102010.0,0,0,20
軒05602,軒05602,2025-06,20500.0,20500.0,0,0,29
軒09236,軒09236,2025-06,19410.0,19410.0,0,0,15
軒64007,軒64007,2025-06,3900.0,3900.0,0,0,9
遙29284,遙29284,2025-06,500.0,500.0,0,0,2
鈞52198,鈞52198,2025-06,940.0,940.0,0,0,5
銘66580,銘66580,2025-06,13090.0,13090.0,0,0,14
銘96975,銘96975,2025-06,2100.0,2100.0,0,0,2
霖13690,霖13690,2025-06,160.0,160.0,0,0,1
霖31578,霖31578,2025-06,52800.0,52800.0,0,0,12
非34597,非34597,2025-06,28640.0,28640.0,0,0,5
風08838,風08838,2025-06,4370.0,4370.0,0,0,2
馨98939,馨98939,2025-06,11040.0,11040.0,0,0,27
駪01151,駪01151,2025-06,3500.0,3500.0,0,0,2
驊97468,驊97468,2025-06,9510.0,9510.0,0,0,8
麟03196,麟03196,2025-06,250.0,250.0,0,0,1
丞03947,丞03947,2025-07,19500.0,19500.0,0,0,2
予03167,予03167,2025-07,318610.0,318610.0,0,0,16
亦12570,亦12570,2025-07,1620.0,1620.0,0,0,8
仁54863,仁54863,2025-07,710.0,710.0,0,0,3
伶94139,伶94139,2025-07,28410.0,28410.0,0,0,31
偉94665,偉94665,2025-07,28800.0,28800.0,0,0,2
健19267,健19267,2025-07,190.0,190.0,0,0,2
傑15992,傑15992,2025-07,26830.0,26830.0,0,0,12
凌44746,凌44746,2025-07,20240.0,20240.0,0,0,21
凱84338,凱84338,2025-07,17500.0,17500.0,0,0,16
勳11486,勳11486,2025-07,11600.0,11600.0,0,0,19
勳31514,勳31514,2025-07,700.0,700.0,0,0,3
勳31958,勳31958,2025-07,4100.0,4100.0,0,0,17
卉26953,卉26953,2025-07,1450.0,1450.0,0,0,4
名86692,名86692,2025-07,37980.0,37980.0,0,0,9
哲18480,哲18480,2025-07,600.0,600.0,0,0,3
喜15503,喜15503,2025-07,233650.0,233650.0,0,0,27
嘉08834,嘉08834,2025-07,5660.0,5660.0,0,0,1
堯94865,堯94865,2025-07,16300.0,16300.0,0,0,5
夆71824,夆71824,2025-07,14000.0,14000.0,0,0,3
妤78993,妤78993,2025-07,3000.0,3000.0,0,0,1
威71924,威71924,2025-07,290060.0,290060.0,0,0,31
婕76351,婕76351,2025-07,300.0,300.0,0,0,3
婷79158,婷79158,2025-07,2650.0,2650.0,0,0,7
存62511,存62511,2025-07,26090.0,26090.0,0,0,30
宇47054,宇47054,2025-07,7830.0,7830.0,0,0,23
宇89108,宇89108,2025-07,1200.0,1200.0,0,0,7
安20936,安20936,2025-07,21850.0,21850.0,0,0,25
安53940,安53940,2025-07,164740.0,164740.0,0,0,31
安67945,安67945,2025-07,1810.0,1810.0,0,0,8
安74701,安74701,2025-07,500.0,500.0,0,0,1
宏98412,宏98412,2025-07,15320.0,15320.0,0,0,13
宸03377,宸03377,2025-07,300.0,300.0,0,0,1
宸03518,宸03518,2025-07,400.0,400.0,0,0,2
宸36021,宸36021,2025-07,5850.0,5850.0,0,0,16
富31837,富31837,2025-07,1400.0,1400.0,0,0,10
屹62125,屹62125,2025-07,2500.0,2500.0,0,0,7
岑89796,岑89796,2025-07,350.0,350.0,0,0,3
峻59497,峻59497,2025-07,1850.0,1850.0,0,0,9
庭27805,庭27805,2025-07,9680.0,9680.0,0,0,13
庭69175,庭69175,2025-07,5880.0,5880.0,0,0,18
廷26066,廷26066,2025-07,1000.0,1000.0,0,0,1
廷30202,廷30202,2025-07,120.0,120.0,0,0,1
廷48228,廷48228,2025-07,12000.0,12000.0,0,0,1
廷62678,廷62678,2025-07,1780.0,1780.0,0,0,5
彬75573,彬75573,2025-07,4300.0,4300.0,0,0,28
恩54100,恩54100,2025-07,3740.0,3740.0,0,0,7
承10215,承10215,2025-07,16760.0,16760.0,0,0,25
旻65571,旻65571,2025-07,4060.0,4060.0,0,0,9
晏33522,晏33522,2025-07,20180.0,20180.0,0,0,8
智25081,智25081,2025-07,1830.0,1830.0,0,0,11
智30333,智30333,2025-07,37090.0,37090.0,0,0,26
曦36235,曦36235,2025-07,22720.0,22720.0,0,0,17
書83102,書83102,2025-07,1920.0,1920.0,0,0,6
杰58638,杰58638,2025-07,620.0,620.0,0,0,4
桓53540,桓53540,2025-07,1200.0,1200.0,0,0,2
榮24362,榮24362,2025-07,4450.0,4450.0,0,0,21
欣73688,欣73688,2025-07,2120.0,2120.0,0,0,11
沛56848,沛56848,2025-07,930.0,930.0,0,0,2
洋76635,洋76635,2025-07,1065940.0,1065940.0,0,0,29
涓10816,涓10816,2025-07,3000.0,3000.0,0,0,1
涵54985,涵54985,2025-07,630.0,630.0,0,0,3
涵59495,涵59495,2025-07,350.0,350.0,0,0,2
涵60652,涵60652,2025-07,24000.0,24000.0,0,0,18
淇91733,淇91733,2025-07,62960.0,62960.0,0,0,25
源93055,源93055,2025-07,300.0,300.0,0,0,3
玄80100,玄80100,2025-07,1740.0,1740.0,0,0,6
玟95271,玟95271,2025-07,6900.0,6900.0,0,0,5
珀26821,珀26821,2025-07,900.0,900.0,0,0,4
琳38233,琳38233,2025-07,7000.0,7000.0,0,0,2
瑄04879,瑄04879,2025-07,1000.0,1000.0,0,0,2
瑋30393,瑋30393,2025-07,300.0,300.0,0,0,1
瑋35434,瑋35434,2025-07,300.0,300.0,0,0,1
瑋61101,瑋61101,2025-07,1550.0,1550.0,0,0,4
瑋61797,瑋61797,2025-07,12820.0,12820.0,0,0,11
瑜86129,瑜86129,2025-07,13290.0,13290.0,0,0,29
瑩16876,瑩16876,2025-07,22980.0,22980.0,0,0,21
瑩60666,瑩60666,2025-07,12120.0,12120.0,0,0,28
璋07559,璋07559,2025-07,280.0,280.0,0,0,1
生01731,生01731,2025-07,1200.0,1200.0,0,0,2
皓03704,皓03704,2025-07,300.0,300.0,0,0,2
盈95104,盈95104,2025-07,2530.0,2530.0,0,0,14
益08378,益08378,2025-07,37050.0,37050.0,0,0,31
祥08774,祥08774,2025-07,14580.0,14580.0,0,0,23
禧32526,禧32526,2025-07,69100.0,69100.0,0,0,18
維32776,維32776,2025-07,2030.0,2030.0,0,0,11
維57981,維57981,2025-07,4100.0,4100.0,0,0,28
綺10706,綺10706,2025-07,300.0,300.0,0,0,3
緯17509,緯17509,2025-07,18022.0,18022.0,0,0,8
緯39201,緯39201,2025-07,5080.0,5080.0,0,0,17
羽85928,羽85928,2025-07,400.0,400.0,0,0,2
翊87829,翊87829,2025-07,1160.0,1160.0,0,0,6
翔48752,翔48752,2025-07,50670.0,50670.0,0,0,25
聖11763,聖11763,2025-07,144250.0,144250.0,0,0,31
臻25171,臻25171,2025-07,5660.0,5660.0,0,0,23
芸82169,芸82169,2025-07,3060.0,3060.0,0,0,11
菘50858,菘50858,2025-07,1510.0,1510.0,0,0,4
菱05459,菱05459,2025-07,8920.0,8920.0,0,0,15
薇84646,薇84646,2025-07,2830.0,2830.0,0,0,7
謙32533,謙32533,2025-07,1700.0,1700.0,0,0,11
豪05940,豪05940,2025-07,1500.0,1500.0,0,0,7
豪59151,豪59151,2025-07,6650.0,6650.0,0,0,17
豪75727,豪75727,2025-07,4500.0,4500.0,0,0,1
賢79356,賢79356,2025-07,40400.0,40400.0,0,0,15
軒05602,軒05602,2025-07,20660.0,20660.0,0,0,19
軒08765,軒08765,2025-07,1300.0,1300.0,0,0,2
軒09236,軒09236,2025-07,19150.0,19150.0,0,0,14
軒64007,軒64007,2025-07,3570.0,3570.0,0,0,9
霖31578,霖31578,2025-07,900.0,900.0,0,0,2
非34597,非34597,2025-07,84740.0,84740.0,0,0,24
馨98939,馨98939,2025-07,870.0,870.0,0,0,7
駪01151,駪01151,2025-07,11500.0,11500.0,0,0,5
丞03947,丞03947,2025-08,6500.0,6500.0,0,0,2
予03167,予03167,2025-08,135700.0,135700.0,0,0,30
亦12570,亦12570,2025-08,6140.0,6140.0,0,0,12
仁54863,仁54863,2025-08,460.0,460.0,0,0,2
伶94139,伶94139,2025-08,14150.0,14150.0,0,0,31
傑15992,傑15992,2025-08,4310.0,4310.0,0,0,5
凌44746,凌44746,2025-08,19090.0,19090.0,0,0,28
凱84338,凱84338,2025-08,500.0,500.0,0,0,1
勳11486,勳11486,2025-08,11950.0,11950.0,0,0,20
勳31958,勳31958,2025-08,18130.0,18130.0,0,0,31
卉26953,卉26953,2025-08,600.0,600.0,0,0,4
名86692,名86692,2025-08,28570.0,28570.0,0,0,15
哲18480,哲18480,2025-08,1930.0,1930.0,0,0,9
喜15503,喜15503,2025-08,18820.0,18820.0,0,0,9
堯94865,堯94865,2025-08,13100.0,13100.0,0,0,7
威71924,威71924,2025-08,73090.0,73090.0,0,0,22
婕76351,婕76351,2025-08,600.0,600.0,0,0,6
存62511,存62511,2025-08,11120.0,11120.0,0,0,29
宇30732,宇30732,2025-08,780.0,780.0,0,0,3
宇47054,宇47054,2025-08,10710.0,10710.0,0,0,25
宇53788,宇53788,2025-08,22020.0,22020.0,0,0,8
宇89108,宇89108,2025-08,200.0,200.0,0,0,2
安20936,安20936,2025-08,27470.0,27470.0,0,0,30
安53940,安53940,2025-08,196120.0,196120.0,0,0,29
安67945,安67945,2025-08,8550.0,8550.0,0,0,15
宏27198,宏27198,2025-08,1740.0,1740.0,0,0,1
宏98412,宏98412,2025-08,10950.0,10950.0,0,0,17
宸36021,宸36021,2025-08,2260.0,2260.0,0,0,10
富31837,富31837,2025-08,2200.0,2200.0,0,0,11
岑89796,岑89796,2025-08,1830.0,1830.0,0,0,14
峻59497,峻59497,2025-08,400.0,400.0,0,0,2
庭69175,庭69175,2025-08,7090.0,7090.0,0,0,20
廷26066,廷26066,2025-08,17000.0,17000.0,0,0,3
廷30202,廷30202,2025-08,240.0,240.0,0,0,1
廷48228,廷48228,2025-08,2500.0,2500.0,0,0,1
彬75573,彬75573,2025-08,5100.0,5100.0,0,0,31
彰77020,彰77020,2025-08,160.0,160.0,0,0,1
恩76502,恩76502,2025-08,81690.0,81690.0,0,0,19
惠88961,惠88961,2025-08,800.0,800.0,0,0,6
承10215,承10215,2025-08,42620.0,42620.0,0,0,30
文81466,文81466,2025-08,200.0,200.0,0,0,2
旻65571,旻65571,2025-08,600.0,600.0,0,0,3
智25081,智25081,2025-08,1300.0,1300.0,0,0,9
智30333,智30333,2025-08,8190.0,8190.0,0,0,12
曦36235,曦36235,2025-08,1000.0,1000.0,0,0,1
杰58638,杰58638,2025-08,2630.0,2630.0,0,0,11
榮24362,榮24362,2025-08,3390.0,3390.0,0,0,16
欽86573,欽86573,2025-08,100.0,100.0,0,0,1
沛56848,沛56848,2025-08,380.0,380.0,0,0,2
洋76635,洋76635,2025-08,12890.0,12890.0,0,0,2
涵54985,涵54985,2025-08,110.0,110.0,0,0,1
涵59495,涵59495,2025-08,1350.0,1350.0,0,0,5
涵60652,涵60652,2025-08,23760.0,23760.0,0,0,20
淇91733,淇91733,2025-08,52420.0,52420.0,0,0,31
然15787,然15787,2025-08,170.0,170.0,0,0,1
玄80100,玄80100,2025-08,9440.0,9440.0,0,0,16
玟95271,玟95271,2025-08,24410.0,24410.0,0,0,10
玲76584,玲76584,2025-08,40650.0,40650.0,0,0,15
珀26821,珀26821,2025-08,500.0,500.0,0,0,3
珊34062,珊34062,2025-08,380.0,380.0,0,0,2
瑋61797,瑋61797,2025-08,1000.0,1000.0,0,0,1
瑜86129,瑜86129,2025-08,3220.0,3220.0,0,0,14
瑩16876,瑩16876,2025-08,13780.0,13780.0,0,0,22
瑩60666,瑩60666,2025-08,15380.0,15380.0,0,0,29
甯19553,甯19553,2025-08,1300.0,1300.0,0,0,6
盈95104,盈95104,2025-08,3110.0,3110.0,0,0,20
益08378,益08378,2025-08,40340.0,40340.0,0,0,31
祥08774,祥08774,2025-08,8820.0,8820.0,0,0,21
禧32526,禧32526,2025-08,44930.0,44930.0,0,0,20
維32776,維32776,2025-08,4140.0,4140.0,0,0,19
維57981,維57981,2025-08,5400.0,5400.0,0,0,30
綺10706,綺10706,2025-08,400.0,400.0,0,0,4
緯17509,緯17509,2025-08,85090.0,85090.0,0,0,9
緯39201,緯39201,2025-08,14070.0,14070.0,0,0,17
羽85928,羽85928,2025-08,37100.0,37100.0,0,0,12
翔48752,翔48752,2025-08,151550.0,151550.0,0,0,27
聖11763,聖11763,2025-08,93830.0,93830.0,0,0,31
臻25171,臻25171,2025-08,12160.0,12160.0,0,0,25
興78482,興78482,2025-08,9110.0,9110.0,0,0,8
菱05459,菱05459,2025-08,11360.0,11360.0,0,0,12
萱97630,萱97630,2025-08,7170.0,7170.0,0,0,11
蓁78959,蓁78959,2025-08,770.0,770.0,0,0,3
蓉45345,蓉45345,2025-08,200.0,200.0,0,0,1
蓉73052,蓉73052,2025-08,100.0,100.0,0,0,1
謙32533,謙32533,2025-08,300.0,300.0,0,0,3
豪05940,豪05940,2025-08,600.0,600.0,0,0,3
豪59151,豪59151,2025-08,2600.0,2600.0,0,0,9
賢79356,賢79356,2025-08,46990.0,46990.0,0,0,14
軒05602,軒05602,2025-08,22390.0,22390.0,0,0,20
軒08765,軒08765,2025-08,600.0,600.0,0,0,2
軒09236,軒09236,2025-08,26950.0,26950.0,0,0,20
軒64007,軒64007,2025-08,2240.0,2240.0,0,0,4
辰52732,辰52732,2025-08,100.0,100.0,0,0,1
辰63812,辰63812,2025-08,3100.0,3100.0,0,0,2
鈺95567,鈺95567,2025-08,212490.0,212490.0,0,0,11
雲41111,雲41111,2025-08,100.0,100.0,0,0,1
霖31578,霖31578,2025-08,12100.0,12100.0,0,0,7
非34597,非34597,2025-08,210020.0,210020.0,0,0,19
馨98939,馨98939,2025-08,150.0,150.0,0,0,1
丞03947,丞03947,2025-09,31500.0,31500.0,0,0,7
予03167,予03167,2025-09,55170.0,55170.0,0,0,30
亦12570,亦12570,2025-09,1200.0,1200.0,0,0,4
伶94139,伶94139,2025-09,11280.0,11280.0,0,0,28
佑71324,佑71324,2025-09,1010.0,1010.0,0,0,5
傑15992,傑15992,2025-09,3500.0,3500.0,0,0,2
凌44746,凌44746,2025-09,15110.0,15110.0,0,0,20
勳11486,勳11486,2025-09,3040.0,3040.0,0,0,8
勳31958,勳31958,2025-09,13440.0,13440.0,0,0,28
卉26953,卉26953,2025-09,300.0,300.0,0,0,2
名86692,名86692,2025-09,4170.0,4170.0,0,0,4
哲18480,哲18480,2025-09,8450.0,8450.0,0,0,24
喜15503,喜15503,2025-09,5020.0,5020.0,0,0,4
威71924,威71924,2025-09,800.0,800.0,0,0,1
婕76351,婕76351,2025-09,200.0,200.0,0,0,2
婷79158,婷79158,2025-09,5770.0,5770.0,0,0,11
存62511,存62511,2025-09,10450.0,10450.0,0,0,23
學14503,學14503,2025-09,1100.0,1100.0,0,0,4
宇47054,宇47054,2025-09,7870.0,7870.0,0,0,10
宇53788,宇53788,2025-09,9370.0,9370.0,0,0,4
安16530,安16530,2025-09,2420.0,2420.0,0,0,3
安20936,安20936,2025-09,4820.0,4820.0,0,0,5
安53940,安53940,2025-09,140370.0,140370.0,0,0,29
安67945,安67945,2025-09,1650.0,1650.0,0,0,3
宏98412,宏98412,2025-09,14680.0,14680.0,0,0,21
宸36021,宸36021,2025-09,3390.0,3390.0,0,0,10
富31837,富31837,2025-09,1800.0,1800.0,0,0,11
岑89796,岑89796,2025-09,100.0,100.0,0,0,1
峻59497,峻59497,2025-09,17470.0,17470.0,0,0,23
庭27805,庭27805,2025-09,1120.0,1120.0,0,0,2
庭69175,庭69175,2025-09,8400.0,8400.0,0,0,14
彬75573,彬75573,2025-09,4350.0,4350.0,0,0,27
恩76502,恩76502,2025-09,17900.0,17900.0,0,0,10
意75407,意75407,2025-09,2450.0,2450.0,0,0,9
愷52793,愷52793,2025-09,1030.0,1030.0,0,0,5
懋78356,懋78356,2025-09,300.0,300.0,0,0,1
承10215,承10215,2025-09,74620.0,74620.0,0,0,30
文81466,文81466,2025-09,100.0,100.0,0,0,1
智25081,智25081,2025-09,1200.0,1200.0,0,0,2
智30333,智30333,2025-09,6720.0,6720.0,0,0,9
曦36235,曦36235,2025-09,11400.0,11400.0,0,0,8
杰58638,杰58638,2025-09,1030.0,1030.0,0,0,7
沛56848,沛56848,2025-09,150.0,150.0,0,0,1
涵59495,涵59495,2025-09,500.0,500.0,0,0,4
涵60652,涵60652,2025-09,26160.0,26160.0,0,0,24
淇91733,淇91733,2025-09,63720.0,63720.0,0,0,30
玄80100,玄80100,2025-09,2150.0,2150.0,0,0,5
玉50886,玉50886,2025-09,250.0,250.0,0,0,1
玟95271,玟95271,2025-09,7180.0,7180.0,0,0,5
玲76584,玲76584,2025-09,16100.0,16100.0,0,0,14
珀26821,珀26821,2025-09,550.0,550.0,0,0,2
瑋30393,瑋30393,2025-09,300.0,300.0,0,0,1
瑋61797,瑋61797,2025-09,30540.0,30540.0,0,0,17
瑜86129,瑜86129,2025-09,400.0,400.0,0,0,3
瑩16876,瑩16876,2025-09,8110.0,8110.0,0,0,9
瑩60666,瑩60666,2025-09,12520.0,12520.0,0,0,28
甯19553,甯19553,2025-09,860.0,860.0,0,0,6
皓03704,皓03704,2025-09,100.0,100.0,0,0,1
盈95104,盈95104,2025-09,600.0,600.0,0,0,5
益08378,益08378,2025-09,26870.0,26870.0,0,0,30
祥08774,祥08774,2025-09,9660.0,9660.0,0,0,21
禧32526,禧32526,2025-09,93050.0,93050.0,0,0,24
維32776,維32776,2025-09,1890.0,1890.0,0,0,10
維57981,維57981,2025-09,5500.0,5500.0,0,0,30
綺10706,綺10706,2025-09,1130.0,1130.0,0,0,9
緯17509,緯17509,2025-09,21110.0,21110.0,0,0,11
緯39201,緯39201,2025-09,21680.0,21680.0,0,0,24
羽85928,羽85928,2025-09,11610.0,11610.0,0,0,4
翊87829,翊87829,2025-09,200.0,200.0,0,0,2
翔48752,翔48752,2025-09,24440.0,24440.0,0,0,7
聖11763,聖11763,2025-09,21610.0,21610.0,0,0,13
臻25171,臻25171,2025-09,3040.0,3040.0,0,0,23
興78482,興78482,2025-09,12050.0,12050.0,0,0,25
良07389,良07389,2025-09,3000.0,3000.0,0,0,1
菘50858,菘50858,2025-09,200.0,200.0,0,0,1
菱05459,菱05459,2025-09,24110.0,24110.0,0,0,24
萱97630,萱97630,2025-09,1260.0,1260.0,0,0,6
蓉73052,蓉73052,2025-09,300.0,300.0,0,0,2
謙32533,謙32533,2025-09,2700.0,2700.0,0,0,15
謙95087,謙95087,2025-09,71410.0,71410.0,0,0,13
豪05940,豪05940,2025-09,500.0,500.0,0,0,1
豪59151,豪59151,2025-09,1380.0,1380.0,0,0,7
豪75727,豪75727,2025-09,540.0,540.0,0,0,1
賢79356,賢79356,2025-09,53750.0,53750.0,0,0,15
軒05602,軒05602,2025-09,17800.0,17800.0,0,0,22
軒09236,軒09236,2025-09,33580.0,33580.0,0,0,15
軒64007,軒64007,2025-09,8340.0,8340.0,0,0,6
辰52732,辰52732,2025-09,300.0,300.0,0,0,1
鈞52198,鈞52198,2025-09,500.0,500.0,0,0,2
鈺95567,鈺95567,2025-09,172620.0,172620.0,0,0,30
銘59613,銘59613,2025-09,1520.0,1520.0,0,0,6
霖31578,霖31578,2025-09,2500.0,2500.0,0,0,2
非34597,非34597,2025-09,59630.0,59630.0,0,0,17
馨98939,馨98939,2025-09,100.0,100.0,0,0,1
予03167,予03167,2025-10,59510.0,59510.0,0,0,20
亦12570,亦12570,2025-10,1900.0,1900.0,0,0,6
伶94139,伶94139,2025-10,6930.0,6930.0,0,0,19
健19267,健19267,2025-10,100.0,100.0,0,0,1
傑23883,傑23883,2025-10,660.0,660.0,0,0,2
傑82469,傑82469,2025-10,2700.0,2700.0,0,0,1
傳17916,傳17916,2025-10,1540.0,1540.0,0,0,6
凌44746,凌44746,2025-10,42430.0,42430.0,0,0,26
凱84338,凱84338,2025-10,10300.0,10300.0,0,0,8
勳11486,勳11486,2025-10,1000.0,1000.0,0,0,4
勳31958,勳31958,2025-10,18650.0,18650.0,0,0,30
叡47110,叡47110,2025-10,1810.0,1810.0,0,0,8
哲18480,哲18480,2025-10,3150.0,3150.0,0,0,6
喜15503,喜15503,2025-10,53140.0,53140.0,0,0,22
嘉08834,嘉08834,2025-10,5000.0,5000.0,0,0,1
堯94865,堯94865,2025-10,5000.0,5000.0,0,0,1
威71924,威71924,2025-10,196440.0,196440.0,0,0,22
婕76351,婕76351,2025-10,500.0,500.0,0,0,5
存62511,存62511,2025-10,24420.0,24420.0,0,0,27
學14503,學14503,2025-10,1930.0,1930.0,0,0,18
宇30732,宇30732,2025-10,1150.0,1150.0,0,0,4
宇42540,宇42540,2025-10,2950.0,2950.0,0,0,6
宇53788,宇53788,2025-10,900.0,900.0,0,0,1
安53940,安53940,2025-10,128810.0,128810.0,0,0,25
安67945,安67945,2025-10,1500.0,1500.0,0,0,2
宏27198,宏27198,2025-10,2690.0,2690.0,0,0,10
宏98412,宏98412,2025-10,4660.0,4660.0,0,0,21
宸36021,宸36021,2025-10,1830.0,1830.0,0,0,8
富31837,富31837,2025-10,1400.0,1400.0,0,0,8
峻59497,峻59497,2025-10,25500.0,25500.0,0,0,31
庭27805,庭27805,2025-10,460.0,460.0,0,0,1
庭69175,庭69175,2025-10,13170.0,13170.0,0,0,24
廷48228,廷48228,2025-10,11340.0,11340.0,0,0,3
彥57170,彥57170,2025-10,2160.0,2160.0,0,0,5
彬75573,彬75573,2025-10,3600.0,3600.0,0,0,28
彰77020,彰77020,2025-10,1700.0,1700.0,0,0,2
恩26347,恩26347,2025-10,3340.0,3340.0,0,0,6
恩67173,恩67173,2025-10,5870.0,5870.0,0,0,9
恩76502,恩76502,2025-10,8130.0,8130.0,0,0,4
惠88961,惠88961,2025-10,4300.0,4300.0,0,0,16
愷52793,愷52793,2025-10,4290.0,4290.0,0,0,13
懋78356,懋78356,2025-10,250.0,250.0,0,0,2
承10215,承10215,2025-10,58580.0,58580.0,0,0,31
文53688,文53688,2025-10,2000.0,2000.0,0,0,1
旻65571,旻65571,2025-10,200.0,200.0,0,0,2
晏33522,晏33522,2025-10,1000.0,1000.0,0,0,1
智25081,智25081,2025-10,1200.0,1200.0,0,0,7
智30333,智30333,2025-10,2050.0,2050.0,0,0,4
曦36235,曦36235,2025-10,31760.0,31760.0,0,0,22
杰58638,杰58638,2025-10,700.0,700.0,0,0,1
沛56848,沛56848,2025-10,500.0,500.0,0,0,2
涵54985,涵54985,2025-10,130.0,130.0,0,0,1
涵56458,涵56458,2025-10,840.0,840.0,0,0,2
涵60652,涵60652,2025-10,13370.0,13370.0,0,0,9
淇91733,淇91733,2025-10,37000.0,37000.0,0,0,28
源93055,源93055,2025-10,200.0,200.0,0,0,2
玄80100,玄80100,2025-10,630.0,630.0,0,0,1
玉50886,玉50886,2025-10,600.0,600.0,0,0,4
玉52466,玉52466,2025-10,1500.0,1500.0,0,0,2
玟95271,玟95271,2025-10,11200.0,11200.0,0,0,5
玲76584,玲76584,2025-10,2900.0,2900.0,0,0,3
玹38039,玹38039,2025-10,12450.0,12450.0,0,0,10
珀26821,珀26821,2025-10,8400.0,8400.0,0,0,21
瑄61066,瑄61066,2025-10,100.0,100.0,0,0,1
瑋30393,瑋30393,2025-10,200.0,200.0,0,0,2
瑋61797,瑋61797,2025-10,500.0,500.0,0,0,1
瑜21391,瑜21391,2025-10,22160.0,22160.0,0,0,21
瑜86129,瑜86129,2025-10,3310.0,3310.0,0,0,10
瑞88383,瑞88383,2025-10,1000.0,1000.0,0,0,5
瑩16876,瑩16876,2025-10,14300.0,14300.0,0,0,8
瑩60666,瑩60666,2025-10,4810.0,4810.0,0,0,20
甯19553,甯19553,2025-10,5110.0,5110.0,0,0,10
皓03704,皓03704,2025-10,500.0,500.0,0,0,1
盈95104,盈95104,2025-10,300.0,300.0,0,0,2
益08378,益08378,2025-10,16920.0,16920.0,0,0,31
祥08774,祥08774,2025-10,8010.0,8010.0,0,0,21
禧32526,禧32526,2025-10,23600.0,23600.0,0,0,13
維32776,維32776,2025-10,4150.0,4150.0,0,0,20
維47066,維47066,2025-10,2860.0,2860.0,0,0,17
維57981,維57981,2025-10,3700.0,3700.0,0,0,28
緯17509,緯17509,2025-10,41740.0,41740.0,0,0,11
緯39201,緯39201,2025-10,53240.0,53240.0,0,0,31
緯88403,緯88403,2025-10,300.0,300.0,0,0,1
緯93650,緯93650,2025-10,500.0,500.0,0,0,1
羽85928,羽85928,2025-10,100.0,100.0,0,0,1
臻25171,臻25171,2025-10,1220.0,1220.0,0,0,7
興78482,興78482,2025-10,16140.0,16140.0,0,0,25
良07389,良07389,2025-10,3000.0,3000.0,0,0,1
芳10625,芳10625,2025-10,200.0,200.0,0,0,1
芸82169,芸82169,2025-10,640.0,640.0,0,0,2
菘50858,菘50858,2025-10,29370.0,29370.0,0,0,13
華01249,華01249,2025-10,11340.0,11340.0,0,0,4
菱05459,菱05459,2025-10,28660.0,28660.0,0,0,28
萱97630,萱97630,2025-10,1430.0,1430.0,0,0,8
蓁78959,蓁78959,2025-10,200.0,200.0,0,0,1
謙32533,謙32533,2025-10,4300.0,4300.0,0,0,23
謙95087,謙95087,2025-10,196110.0,196110.0,0,0,20
豪05940,豪05940,2025-10,210.0,210.0,0,0,1
豪46471,豪46471,2025-10,3060.0,3060.0,0,0,7
豪59151,豪59151,2025-10,4950.0,4950.0,0,0,19
賢79356,賢79356,2025-10,19410.0,19410.0,0,0,9
軒05602,軒05602,2025-10,16600.0,16600.0,0,0,28
軒09236,軒09236,2025-10,45910.0,45910.0,0,0,24
軒64007,軒64007,2025-10,4890.0,4890.0,0,0,8
鈺95567,鈺95567,2025-10,25930.0,25930.0,0,0,26
銘59613,銘59613,2025-10,18240.0,18240.0,0,0,31
霖13690,霖13690,2025-10,270.0,270.0,0,0,1
霖31578,霖31578,2025-10,2950.0,2950.0,0,0,2
非34597,非34597,2025-10,119700.0,119700.0,0,0,10
馨98939,馨98939,2025-10,100.0,100.0,0,0,1
鴻56845,鴻56845,2025-10,6500.0,6500.0,0,0,2
亦12570,亦12570,2025-11,1270.0,1270.0,0,0,6
仁54863,仁54863,2025-11,880.0,880.0,0,0,4
伶94139,伶94139,2025-11,6960.0,6960.0,0,0,19
倫50221,倫50221,2025-11,750.0,750.0,0,0,6
傳17916,傳17916,2025-11,200.0,200.0,0,0,2
元58368,元58368,2025-11,2000.0,2000.0,0,0,1
凌44746,凌44746,2025-11,11310.0,11310.0,0,0,17
凱84338,凱84338,2025-11,32500.0,32500.0,0,0,21
勳11486,勳11486,2025-11,230.0,230.0,0,0,2
勳31958,勳31958,2025-11,4660.0,4660.0,0,0,7
卉26953,卉26953,2025-11,400.0,400.0,0,0,3
叡47110,叡47110,2025-11,760.0,760.0,0,0,4
叡69746,叡69746,2025-11,8780.0,8780.0,0,0,3
哲18480,哲18480,2025-11,200.0,200.0,0,0,1
喜15503,喜15503,2025-11,88020.0,88020.0,0,0,29
威71924,威71924,2025-11,4850.0,4850.0,0,0,4
婕76351,婕76351,2025-11,500.0,500.0,0,0,2
婷79158,婷79158,2025-11,1880.0,1880.0,0,0,4
存62511,存62511,2025-11,14800.0,14800.0,0,0,21
學14503,學14503,2025-11,300.0,300.0,0,0,3
宇42540,宇42540,2025-11,2590.0,2590.0,0,0,7
宇89108,宇89108,2025-11,330.0,330.0,0,0,3
安53940,安53940,2025-11,125430.0,125430.0,0,0,24
宏27198,宏27198,2025-11,630.0,630.0,0,0,3
宏98412,宏98412,2025-11,4300.0,4300.0,0,0,22
家66121,家66121,2025-11,1160.0,1160.0,0,0,3
宸03518,宸03518,2025-11,500.0,500.0,0,0,1
宸06682,宸06682,2025-11,200.0,200.0,0,0,1
宸36021,宸36021,2025-11,6010.0,6010.0,0,0,13
富31837,富31837,2025-11,1940.0,1940.0,0,0,12
岑89796,岑89796,2025-11,1300.0,1300.0,0,0,8
峻59497,峻59497,2025-11,11400.0,11400.0,0,0,29
庭27805,庭27805,2025-11,700.0,700.0,0,0,1
庭69175,庭69175,2025-11,6410.0,6410.0,0,0,15
弘68935,弘68935,2025-11,9700.0,9700.0,0,0,21
彥57170,彥57170,2025-11,200.0,200.0,0,0,1
彬75573,彬75573,2025-11,3100.0,3100.0,0,0,28
彰77020,彰77020,2025-11,9550.0,9550.0,0,0,10
恩26347,恩26347,2025-11,850.0,850.0,0,0,3
恩76502,恩76502,2025-11,3690.0,3690.0,0,0,7
惠88961,惠88961,2025-11,7790.0,7790.0,0,0,25
愷52793,愷52793,2025-11,3650.0,3650.0,0,0,7
懋78356,懋78356,2025-11,300.0,300.0,0,0,2
承10215,承10215,2025-11,100480.0,100480.0,0,0,30
旻65571,旻65571,2025-11,2220.0,2220.0,0,0,14
晏33522,晏33522,2025-11,10000.0,10000.0,0,0,2
晨65375,晨65375,2025-11,22200.0,22200.0,0,0,23
智30333,智30333,2025-11,11780.0,11780.0,0,0,14
曦36235,曦36235,2025-11,18040.0,18040.0,0,0,13
杰58638,杰58638,2025-11,3260.0,3260.0,0,0,15
杰68499,杰68499,2025-11,6650.0,6650.0,0,0,12
毅88025,毅88025,2025-11,300.0,300.0,0,0,2
涵54985,涵54985,2025-11,1000.0,1000.0,0,0,1
淇91733,淇91733,2025-11,32160.0,32160.0,0,0,21
源93055,源93055,2025-11,1500.0,1500.0,0,0,6
玄80100,玄80100,2025-11,200.0,200.0,0,0,1
玉50886,玉50886,2025-11,600.0,600.0,0,0,5
玉52466,玉52466,2025-11,1000.0,1000.0,0,0,1
玹38039,玹38039,2025-11,1000.0,1000.0,0,0,1
珊34062,珊34062,2025-11,500.0,500.0,0,0,3
珠25750,珠25750,2025-11,1000.0,1000.0,0,0,1
瑋30393,瑋30393,2025-11,200.0,200.0,0,0,1
瑋61797,瑋61797,2025-11,13650.0,13650.0,0,0,19
瑜21391,瑜21391,2025-11,2460.0,2460.0,0,0,5
瑜86129,瑜86129,2025-11,610.0,610.0,0,0,6
瑞88383,瑞88383,2025-11,3920.0,3920.0,0,0,21
瑩16876,瑩16876,2025-11,4000.0,4000.0,0,0,1
瑩60666,瑩60666,2025-11,7360.0,7360.0,0,0,28
甯19553,甯19553,2025-11,7860.0,7860.0,0,0,13
盈95104,盈95104,2025-11,500.0,500.0,0,0,3
益08378,益08378,2025-11,6990.0,6990.0,0,0,22
祥08774,祥08774,2025-11,3960.0,3960.0,0,0,12
禧32526,禧32526,2025-11,47550.0,47550.0,0,0,16
維13812,維13812,2025-11,1000.0,1000.0,0,0,2
維32776,維32776,2025-11,4990.0,4990.0,0,0,28
維47066,維47066,2025-11,2650.0,2650.0,0,0,15
維57981,維57981,2025-11,3900.0,3900.0,0,0,27
緯17509,緯17509,2025-11,8400.0,8400.0,0,0,7
緯39201,緯39201,2025-11,39700.0,39700.0,0,0,30
緯93650,緯93650,2025-11,740.0,740.0,0,0,4
群84710,群84710,2025-11,900.0,900.0,0,0,2
羽85928,羽85928,2025-11,200.0,200.0,0,0,2
臻25171,臻25171,2025-11,5610.0,5610.0,0,0,17
興78482,興78482,2025-11,8800.0,8800.0,0,0,13
芳10625,芳10625,2025-11,200.0,200.0,0,0,1
芸82169,芸82169,2025-11,3590.0,3590.0,0,0,5
菘50858,菘50858,2025-11,7970.0,7970.0,0,0,2
華01249,華01249,2025-11,42340.0,42340.0,0,0,24
菱05459,菱05459,2025-11,33210.0,33210.0,0,0,20
萱97630,萱97630,2025-11,200.0,200.0,0,0,1
謙32533,謙32533,2025-11,4100.0,4100.0,0,0,21
謙95087,謙95087,2025-11,195810.0,195810.0,0,0,23
豪59151,豪59151,2025-11,3600.0,3600.0,0,0,13
賢79356,賢79356,2025-11,44210.0,44210.0,0,0,14
軒05602,軒05602,2025-11,25200.0,25200.0,0,0,30
軒08765,軒08765,2025-11,1600.0,1600.0,0,0,5
軒09236,軒09236,2025-11,67960.0,67960.0,0,0,14
軒64007,軒64007,2025-11,7820.0,7820.0,0,0,20
鈺95567,鈺95567,2025-11,4840.0,4840.0,0,0,11
銘59613,銘59613,2025-11,20440.0,20440.0,0,0,25
鴻56845,鴻56845,2025-11,1000.0,1000.0,0,0,1
仁54863,仁54863,2025-12,1290.0,1290.0,0,0,7
伶94139,伶94139,2025-12,6970.0,6970.0,0,0,19
健19267,健19267,2025-12,100.0,100.0,0,0,1
傑23883,傑23883,2025-12,300.0,300.0,0,0,2
傳17916,傳17916,2025-12,700.0,700.0,0,0,2
凌44746,凌44746,2025-12,71980.0,71980.0,0,0,21
凱84338,凱84338,2025-12,36550.0,36550.0,0,0,18
勳11486,勳11486,2025-12,1330.0,1330.0,0,0,6
卉26953,卉26953,2025-12,100.0,100.0,0,0,1
哲18480,哲18480,2025-12,820.0,820.0,0,0,4
喜15503,喜15503,2025-12,152960.0,152960.0,0,0,30
嘉08834,嘉08834,2025-12,800.0,800.0,0,0,2
堯94865,堯94865,2025-12,1000.0,1000.0,0,0,1
婕76351,婕76351,2025-12,100.0,100.0,0,0,1
婷79158,婷79158,2025-12,1450.0,1450.0,0,0,5
存62511,存62511,2025-12,20150.0,20150.0,0,0,23
學14503,學14503,2025-12,140.0,140.0,0,0,1
宇42540,宇42540,2025-12,1030.0,1030.0,0,0,2
宇53788,宇53788,2025-12,8300.0,8300.0,0,0,3
宇69616,宇69616,2025-12,8630.0,8630.0,0,0,22
宇89108,宇89108,2025-12,100.0,100.0,0,0,1
安16530,安16530,2025-12,2010.0,2010.0,0,0,4
安53940,安53940,2025-12,64310.0,64310.0,0,0,27
安67945,安67945,2025-12,900.0,900.0,0,0,1
宏27198,宏27198,2025-12,26990.0,26990.0,0,0,1
宏98412,宏98412,2025-12,3050.0,3050.0,0,0,20
家66121,家66121,2025-12,800.0,800.0,0,0,3
宸03518,宸03518,2025-12,5530.0,5530.0,0,0,12
宸36021,宸36021,2025-12,2910.0,2910.0,0,0,10
富31837,富31837,2025-12,2100.0,2100.0,0,0,10
岑89796,岑89796,2025-12,3800.0,3800.0,0,0,13
峻59497,峻59497,2025-12,4250.0,4250.0,0,0,24
庭69175,庭69175,2025-12,6470.0,6470.0,0,0,16
廷48228,廷48228,2025-12,15000.0,15000.0,0,0,1
弘68935,弘68935,2025-12,1000.0,1000.0,0,0,4
彥57170,彥57170,2025-12,200.0,200.0,0,0,1
彬75573,彬75573,2025-12,2700.0,2700.0,0,0,25
恩76502,恩76502,2025-12,2000.0,2000.0,0,0,3
恩85861,恩85861,2025-12,22040.0,22040.0,0,0,5
惠88961,惠88961,2025-12,1090.0,1090.0,0,0,5
懋78356,懋78356,2025-12,500.0,500.0,0,0,3
承10215,承10215,2025-12,92670.0,92670.0,0,0,31
文53688,文53688,2025-12,10000.0,10000.0,0,0,1
新65742,新65742,2025-12,1400.0,1400.0,0,0,3
旻65571,旻65571,2025-12,1260.0,1260.0,0,0,7
晨65375,晨65375,2025-12,20940.0,20940.0,0,0,30
智25081,智25081,2025-12,300.0,300.0,0,0,3
智30333,智30333,2025-12,38490.0,38490.0,0,0,14
曦36235,曦36235,2025-12,2370.0,2370.0,0,0,4
杰42334,杰42334,2025-12,11700.0,11700.0,0,0,11
杰58638,杰58638,2025-12,2230.0,2230.0,0,0,10
桓53540,桓53540,2025-12,400.0,400.0,0,0,1
欣73688,欣73688,2025-12,100.0,100.0,0,0,1
涵56458,涵56458,2025-12,200.0,200.0,0,0,1
源93055,源93055,2025-12,2970.0,2970.0,0,0,10
玉50886,玉50886,2025-12,100.0,100.0,0,0,1
珊34062,珊34062,2025-12,700.0,700.0,0,0,5
珠25750,珠25750,2025-12,1000.0,1000.0,0,0,1
瑜21391,瑜21391,2025-12,180.0,180.0,0,0,1
瑜86129,瑜86129,2025-12,660.0,660.0,0,0,4
瑞17012,瑞17012,2025-12,100.0,100.0,0,0,1
瑞88383,瑞88383,2025-12,300.0,300.0,0,0,2
瑩60666,瑩60666,2025-12,7490.0,7490.0,0,0,26
甯19553,甯19553,2025-12,12080.0,12080.0,0,0,13
皓02563,皓02563,2025-12,4000.0,4000.0,0,0,1
盈95104,盈95104,2025-12,300.0,300.0,0,0,3
益08378,益08378,2025-12,21470.0,21470.0,0,0,30
禧32526,禧32526,2025-12,59320.0,59320.0,0,0,24
維13812,維13812,2025-12,500.0,500.0,0,0,1
維32776,維32776,2025-12,990.0,990.0,0,0,4
維47066,維47066,2025-12,3560.0,3560.0,0,0,23
維57981,維57981,2025-12,2800.0,2800.0,0,0,26
緯17509,緯17509,2025-12,4440.0,4440.0,0,0,7
緯39201,緯39201,2025-12,23760.0,23760.0,0,0,30
緯93650,緯93650,2025-12,180.0,180.0,0,0,1
群84710,群84710,2025-12,650.0,650.0,0,0,2
臻25171,臻25171,2025-12,6880.0,6880.0,0,0,27
興78482,興78482,2025-12,2610.0,2610.0,0,0,7
華01249,華01249,2025-12,18880.0,18880.0,0,0,13
菱05459,菱05459,2025-12,5070.0,5070.0,0,0,7
萱14971,萱14971,2025-12,10280.0,10280.0,0,0,13
謙32533,謙32533,2025-12,4680.0,4680.0,0,0,23
謙95087,謙95087,2025-12,115730.0,115730.0,0,0,19
豪59151,豪59151,2025-12,10780.0,10780.0,0,0,22
賢72047,賢72047,2025-12,100.0,100.0,0,0,1
賢79356,賢79356,2025-12,62240.0,62240.0,0,0,22
軒05602,軒05602,2025-12,14610.0,14610.0,0,0,25
軒08765,軒08765,2025-12,4050.0,4050.0,0,0,1
軒09236,軒09236,2025-12,12760.0,12760.0,0,0,9
軒36411,軒36411,2025-12,147400.0,147400.0,0,0,8
軒64007,軒64007,2025-12,16050.0,16050.0,0,0,17
辰52732,辰52732,2025-12,1100.0,1100.0,0,0,3
遠66632,遠66632,2025-12,14800.0,14800.0,0,0,4
鈺95567,鈺95567,2025-12,1180.0,1180.0,0,0,5
銘59613,銘59613,2025-12,18660.0,18660.0,0,0,28
雯64089,雯64089,2025-12,10600.0,10600.0,0,0,11
霖13690,霖13690,2025-12,100.0,100.0,0,0,1
霖31578,霖31578,2025-12,7380.0,7380.0,0,0,3
亦12570,亦12570,2026-01,620.0,620.0,0,0,6
仁54863,仁54863,2026-01,1900.0,1900.0,0,0,5
伶94139,伶94139,2026-01,410.0,410.0,0,0,2
侖67536,侖67536,2026-01,5890.0,5890.0,0,0,8
健19267,健19267,2026-01,1030.0,1030.0,0,0,6
傑23883,傑23883,2026-01,3080.0,3080.0,0,0,12
傑55303,傑55303,2026-01,300.0,300.0,0,0,1
凌44746,凌44746,2026-01,60840.0,60840.0,0,0,30
凝39611,凝39611,2026-01,20740.0,20740.0,0,0,8
勳11486,勳11486,2026-01,4930.0,4930.0,0,0,11
喜15503,喜15503,2026-01,311130.0,311130.0,0,0,31
婷79158,婷79158,2026-01,210.0,210.0,0,0,1
存62511,存62511,2026-01,168570.0,168570.0,0,0,31
學14503,學14503,2026-01,960.0,960.0,0,0,6
宇30732,宇30732,2026-01,4660.0,4660.0,0,0,10
宇42540,宇42540,2026-01,1700.0,1700.0,0,0,4
宇69616,宇69616,2026-01,9760.0,9760.0,0,0,29
宇89108,宇89108,2026-01,210.0,210.0,0,0,2
安16530,安16530,2026-01,16420.0,16420.0,0,0,12
安53940,安53940,2026-01,176270.0,176270.0,0,0,29
宏98412,宏98412,2026-01,2910.0,2910.0,0,0,23
宸03518,宸03518,2026-01,41270.0,41270.0,0,0,24
宸36021,宸36021,2026-01,230.0,230.0,0,0,1
富31837,富31837,2026-01,3300.0,3300.0,0,0,6
岑89796,岑89796,2026-01,340.0,340.0,0,0,2
峻59497,峻59497,2026-01,3860.0,3860.0,0,0,24
庭27805,庭27805,2026-01,11540.0,11540.0,0,0,5
庭69175,庭69175,2026-01,6480.0,6480.0,0,0,21
弘68935,弘68935,2026-01,180.0,180.0,0,0,1
彥61883,彥61883,2026-01,1040.0,1040.0,0,0,4
彬75573,彬75573,2026-01,3200.0,3200.0,0,0,29
恩60245,恩60245,2026-01,9400.0,9400.0,0,0,2
恩67794,恩67794,2026-01,200.0,200.0,0,0,1
恩76502,恩76502,2026-01,2080.0,2080.0,0,0,3
恩85861,恩85861,2026-01,35760.0,35760.0,0,0,7
惠88961,惠88961,2026-01,350.0,350.0,0,0,2
愷52793,愷52793,2026-01,9000.0,9000.0,0,0,4
承10215,承10215,2026-01,114610.0,114610.0,0,0,31
新65742,新65742,2026-01,2600.0,2600.0,0,0,6
晨65375,晨65375,2026-01,7660.0,7660.0,0,0,22
智25081,智25081,2026-01,500.0,500.0,0,0,4
曦36235,曦36235,2026-01,500.0,500.0,0,0,1
杰42334,杰42334,2026-01,10660.0,10660.0,0,0,7
杰58638,杰58638,2026-01,1740.0,1740.0,0,0,12
杰68499,杰68499,2026-01,2060.0,2060.0,0,0,9
欣60070,欣60070,2026-01,12000.0,12000.0,0,0,4
欣73688,欣73688,2026-01,2040.0,2040.0,0,0,4
武01536,武01536,2026-01,2070.0,2070.0,0,0,8
毅28323,毅28323,2026-01,33960.0,33960.0,0,0,14
沛56848,沛56848,2026-01,8790.0,8790.0,0,0,10
涵54985,涵54985,2026-01,2860.0,2860.0,0,0,15
涵56458,涵56458,2026-01,980.0,980.0,0,0,2
淇91733,淇91733,2026-01,7730.0,7730.0,0,0,11
源93055,源93055,2026-01,2700.0,2700.0,0,0,14
澂29488,澂29488,2026-01,14730.0,14730.0,0,0,6
玉50886,玉50886,2026-01,100.0,100.0,0,0,1
玉52466,玉52466,2026-01,1000.0,1000.0,0,0,1
珊34062,珊34062,2026-01,100.0,100.0,0,0,1
瑜21391,瑜21391,2026-01,3870.0,3870.0,0,0,6
瑜86129,瑜86129,2026-01,1010.0,1010.0,0,0,7
瑞88383,瑞88383,2026-01,100.0,100.0,0,0,1
瑩60666,瑩60666,2026-01,6310.0,6310.0,0,0,26
甯19553,甯19553,2026-01,11150.0,11150.0,0,0,19
盈95104,盈95104,2026-01,310.0,310.0,0,0,3
益08378,益08378,2026-01,21480.0,21480.0,0,0,31
禧32526,禧32526,2026-01,11180.0,11180.0,0,0,7
程75168,程75168,2026-01,15310.0,15310.0,0,0,14
維32776,維32776,2026-01,700.0,700.0,0,0,5
維47066,維47066,2026-01,7350.0,7350.0,0,0,29
維57981,維57981,2026-01,3100.0,3100.0,0,0,30
綺10706,綺10706,2026-01,1400.0,1400.0,0,0,8
緯17509,緯17509,2026-01,5750.0,5750.0,0,0,4
緯39201,緯39201,2026-01,10570.0,10570.0,0,0,27
羽85928,羽85928,2026-01,100.0,100.0,0,0,1
臻25171,臻25171,2026-01,2230.0,2230.0,0,0,13
興78482,興78482,2026-01,19520.0,19520.0,0,0,23
華01249,華01249,2026-01,43510.0,43510.0,0,0,20
菱05459,菱05459,2026-01,24940.0,24940.0,0,0,27
萱14971,萱14971,2026-01,13410.0,13410.0,0,0,27
萱97630,萱97630,2026-01,100.0,100.0,0,0,1
薇84646,薇84646,2026-01,3000.0,3000.0,0,0,1
評85519,評85519,2026-01,9390.0,9390.0,0,0,8
謙32533,謙32533,2026-01,3640.0,3640.0,0,0,15
謙95087,謙95087,2026-01,136190.0,136190.0,0,0,21
豪59151,豪59151,2026-01,13580.0,13580.0,0,0,27
賢79356,賢79356,2026-01,104990.0,104990.0,0,0,15
軒05602,軒05602,2026-01,1100.0,1100.0,0,0,3
軒09236,軒09236,2026-01,17780.0,17780.0,0,0,12
軒36411,軒36411,2026-01,209800.0,209800.0,0,0,17
軒64007,軒64007,2026-01,7930.0,7930.0,0,0,17
遠66632,遠66632,2026-01,740.0,740.0,0,0,1
鈺95567,鈺95567,2026-01,5670.0,5670.0,0,0,11
銘59613,銘59613,2026-01,13950.0,13950.0,0,0,26
雯64089,雯64089,2026-01,900.0,900.0,0,0,1
仁54863,仁54863,2026-02,700.0,700.0,0,0,5
佑39227,佑39227,2026-02,1560.0,1560.0,0,0,5
侖67536,侖67536,2026-02,5150.0,5150.0,0,0,8
健19267,健19267,2026-02,1850.0,1850.0,0,0,10
傑23883,傑23883,2026-02,530.0,530.0,0,0,4
凌44746,凌44746,2026-02,39710.0,39710.0,0,0,22
凝39611,凝39611,2026-02,61150.0,61150.0,0,0,27
凱84338,凱84338,2026-02,24300.0,24300.0,0,0,6
勳11486,勳11486,2026-02,13380.0,13380.0,0,0,12
卉26953,卉26953,2026-02,100.0,100.0,0,0,1
君40100,君40100,2026-02,200.0,200.0,0,0,2
喜15503,喜15503,2026-02,273960.0,273960.0,0,0,28
威71924,威71924,2026-02,7060.0,7060.0,0,0,3
嫆21163,嫆21163,2026-02,220.0,220.0,0,0,1
存62511,存62511,2026-02,76200.0,76200.0,0,0,28
學14503,學14503,2026-02,530.0,530.0,0,0,5
宇30732,宇30732,2026-02,3650.0,3650.0,0,0,11
宇42540,宇42540,2026-02,1000.0,1000.0,0,0,2
宇69616,宇69616,2026-02,28940.0,28940.0,0,0,28
宇89108,宇89108,2026-02,920.0,920.0,0,0,3
安16530,安16530,2026-02,15170.0,15170.0,0,0,6
安28190,安28190,2026-02,3120.0,3120.0,0,0,9
安53940,安53940,2026-02,118820.0,118820.0,0,0,19
宏98412,宏98412,2026-02,2400.0,2400.0,0,0,8
宸03518,宸03518,2026-02,174680.0,174680.0,0,0,28
富31837,富31837,2026-02,2550.0,2550.0,0,0,7
岑89796,岑89796,2026-02,400.0,400.0,0,0,1
峻59497,峻59497,2026-02,1400.0,1400.0,0,0,12
庭27805,庭27805,2026-02,3000.0,3000.0,0,0,2
庭69175,庭69175,2026-02,6500.0,6500.0,0,0,14
廷30202,廷30202,2026-02,570.0,570.0,0,0,2
弘68935,弘68935,2026-02,1820.0,1820.0,0,0,5
彥61883,彥61883,2026-02,1620.0,1620.0,0,0,5
彬75573,彬75573,2026-02,2400.0,2400.0,0,0,22
恩85861,恩85861,2026-02,18200.0,18200.0,0,0,6
惠88961,惠88961,2026-02,1740.0,1740.0,0,0,7
承10215,承10215,2026-02,101960.0,101960.0,0,0,28
新65742,新65742,2026-02,560.0,560.0,0,0,3
晏33522,晏33522,2026-02,18790.0,18790.0,0,0,6
晨65375,晨65375,2026-02,1500.0,1500.0,0,0,11
杰58638,杰58638,2026-02,4410.0,4410.0,0,0,15
杰68499,杰68499,2026-02,11780.0,11780.0,0,0,23
桓53540,桓53540,2026-02,2500.0,2500.0,0,0,2
欣60070,欣60070,2026-02,8000.0,8000.0,0,0,8
欣73688,欣73688,2026-02,220.0,220.0,0,0,1
武01536,武01536,2026-02,11670.0,11670.0,0,0,28
毅05859,毅05859,2026-02,1790.0,1790.0,0,0,7
毅28323,毅28323,2026-02,13180.0,13180.0,0,0,12
沛56848,沛56848,2026-02,5060.0,5060.0,0,0,13
涵54985,涵54985,2026-02,370.0,370.0,0,0,3
淇91733,淇91733,2026-02,12410.0,12410.0,0,0,14
澂29488,澂29488,2026-02,71740.0,71740.0,0,0,28
澄24968,澄24968,2026-02,50750.0,50750.0,0,0,14
玄80100,玄80100,2026-02,240.0,240.0,0,0,1
瑜21391,瑜21391,2026-02,25520.0,25520.0,0,0,12
瑜86129,瑜86129,2026-02,750.0,750.0,0,0,5
瑩60666,瑩60666,2026-02,12080.0,12080.0,0,0,26
甯19553,甯19553,2026-02,8620.0,8620.0,0,0,15
盈95104,盈95104,2026-02,1190.0,1190.0,0,0,8
益08378,益08378,2026-02,29190.0,29190.0,0,0,28
禧32526,禧32526,2026-02,15180.0,15180.0,0,0,10
程75168,程75168,2026-02,14020.0,14020.0,0,0,10
維32776,維32776,2026-02,6720.0,6720.0,0,0,19
維47066,維47066,2026-02,8580.0,8580.0,0,0,26
維57981,維57981,2026-02,2600.0,2600.0,0,0,23
綺10706,綺10706,2026-02,1740.0,1740.0,0,0,10
緯39201,緯39201,2026-02,20010.0,20010.0,0,0,25
羽85928,羽85928,2026-02,400.0,400.0,0,0,1
臻25171,臻25171,2026-02,2550.0,2550.0,0,0,14
興78482,興78482,2026-02,30090.0,30090.0,0,0,28
菘50858,菘50858,2026-02,9380.0,9380.0,0,0,4
菱05459,菱05459,2026-02,28470.0,28470.0,0,0,20
萱14971,萱14971,2026-02,13730.0,13730.0,0,0,26
評85519,評85519,2026-02,5910.0,5910.0,0,0,4
謙32533,謙32533,2026-02,1100.0,1100.0,0,0,9
謙95087,謙95087,2026-02,66820.0,66820.0,0,0,14
豪46471,豪46471,2026-02,220.0,220.0,0,0,3
豪59151,豪59151,2026-02,8990.0,8990.0,0,0,23
賢79356,賢79356,2026-02,20220.0,20220.0,0,0,7
軒05602,軒05602,2026-02,2010.0,2010.0,0,0,4
軒08765,軒08765,2026-02,3800.0,3800.0,0,0,5
軒09236,軒09236,2026-02,21260.0,21260.0,0,0,10
軒36411,軒36411,2026-02,65940.0,65940.0,0,0,25
軒64007,軒64007,2026-02,3080.0,3080.0,0,0,9
遠66632,遠66632,2026-02,20150.0,20150.0,0,0,9
鈞52198,鈞52198,2026-02,8660.0,8660.0,0,0,4
鈺95567,鈺95567,2026-02,1000.0,1000.0,0,0,1
銘11077,銘11077,2026-02,13020.0,13020.0,0,0,6
銘59613,銘59613,2026-02,14260.0,14260.0,0,0,25
鎰31980,鎰31980,2026-02,700.0,700.0,0,0,3
霖13690,霖13690,2026-02,210.0,210.0,0,0,1
霖54051,霖54051,2026-02,7000.0,7000.0,0,0,16
鴻56845,鴻56845,2026-02,10360.0,10360.0,0,0,9
中91199,中91199,2026-03,212390.0,212390.0,0,0,9
亦12570,亦12570,2026-03,3400.0,3400.0,0,0,18
仁54863,仁54863,2026-03,3620.0,3620.0,0,0,11
佑39227,佑39227,2026-03,4400.0,4400.0,0,0,6
侖67536,侖67536,2026-03,3160.0,3160.0,0,0,6
俞62280,俞62280,2026-03,4240.0,4240.0,0,0,9
倪59638,倪59638,2026-03,800.0,800.0,0,0,1
健19267,健19267,2026-03,1740.0,1740.0,0,0,12
傑03111,傑03111,2026-03,1810.0,1810.0,0,0,2
傑23464,傑23464,2026-03,760.0,760.0,0,0,2
傑23883,傑23883,2026-03,2490.0,2490.0,0,0,4
傳17916,傳17916,2026-03,3680.0,3680.0,0,0,4
元55038,元55038,2026-03,8750.0,8750.0,0,0,6
元60429,元60429,2026-03,8310.0,8310.0,0,0,10
凌44746,凌44746,2026-03,81410.0,81410.0,0,0,30
凝39611,凝39611,2026-03,38700.0,38700.0,0,0,24
凱40910,凱40910,2026-03,200.0,200.0,0,0,2
凱84338,凱84338,2026-03,8800.0,8800.0,0,0,2
勳11486,勳11486,2026-03,6600.0,6600.0,0,0,12
卉26953,卉26953,2026-03,14140.0,14140.0,0,0,6
叡47110,叡47110,2026-03,2300.0,2300.0,0,0,5
君86170,君86170,2026-03,1100.0,1100.0,0,0,1
喜15503,喜15503,2026-03,12960.0,12960.0,0,0,8
妤20335,妤20335,2026-03,200.0,200.0,0,0,1
姍89796,姍89796,2026-03,830.0,830.0,0,0,1
威71924,威71924,2026-03,667400.0,667400.0,0,0,23
婷79158,婷79158,2026-03,4100.0,4100.0,0,0,4
存62511,存62511,2026-03,47190.0,47190.0,0,0,31
學14503,學14503,2026-03,200.0,200.0,0,0,2
宇30732,宇30732,2026-03,5740.0,5740.0,0,0,8
宇42540,宇42540,2026-03,2760.0,2760.0,0,0,5
宇69616,宇69616,2026-03,46590.0,46590.0,0,0,27
宇89108,宇89108,2026-03,27320.0,27320.0,0,0,26
安16530,安16530,2026-03,2500.0,2500.0,0,0,3
安28190,安28190,2026-03,95100.0,95100.0,0,0,22
宏98412,宏98412,2026-03,1800.0,1800.0,0,0,11
家66121,家66121,2026-03,2950.0,2950.0,0,0,2
宸03518,宸03518,2026-03,133390.0,133390.0,0,0,31
宸21830,宸21830,2026-03,2030.0,2030.0,0,0,9
富31837,富31837,2026-03,4260.0,4260.0,0,0,14
岑89796,岑89796,2026-03,17560.0,17560.0,0,0,12
峻59497,峻59497,2026-03,100.0,100.0,0,0,1
庭27805,庭27805,2026-03,19570.0,19570.0,0,0,12
庭69175,庭69175,2026-03,6450.0,6450.0,0,0,16
廷08463,廷08463,2026-03,3540.0,3540.0,0,0,3
廷30202,廷30202,2026-03,10290.0,10290.0,0,0,15
廷62678,廷62678,2026-03,145610.0,145610.0,0,0,24
弘68935,弘68935,2026-03,1540.0,1540.0,0,0,6
彥47471,彥47471,2026-03,750.0,750.0,0,0,3
彥57170,彥57170,2026-03,36180.0,36180.0,0,0,9
彥61883,彥61883,2026-03,9850.0,9850.0,0,0,15
彬75573,彬75573,2026-03,6850.0,6850.0,0,0,31
德31019,德31019,2026-03,10300.0,10300.0,0,0,7
恩26347,恩26347,2026-03,200.0,200.0,0,0,2
恩67794,恩67794,2026-03,1100.0,1100.0,0,0,5
恩85861,恩85861,2026-03,2000.0,2000.0,0,0,2
惠88961,惠88961,2026-03,7270.0,7270.0,0,0,16
愷52793,愷52793,2026-03,3410.0,3410.0,0,0,11
憲90055,憲90055,2026-03,2990.0,2990.0,0,0,3
懋78356,懋78356,2026-03,3500.0,3500.0,0,0,3
承10215,承10215,2026-03,164070.0,164070.0,0,0,31
捷34766,捷34766,2026-03,12680.0,12680.0,0,0,11
揚82260,揚82260,2026-03,14470.0,14470.0,0,0,11
文14995,文14995,2026-03,700.0,700.0,0,0,2
新65742,新65742,2026-03,15450.0,15450.0,0,0,15
旻05248,旻05248,2026-03,1080.0,1080.0,0,0,4
旻65571,旻65571,2026-03,4300.0,4300.0,0,0,11
晏33522,晏33522,2026-03,100.0,100.0,0,0,1
晨65375,晨65375,2026-03,900.0,900.0,0,0,6
智25081,智25081,2026-03,3130.0,3130.0,0,0,9
暘67299,暘67299,2026-03,73040.0,73040.0,0,0,16
曦36235,曦36235,2026-03,1250.0,1250.0,0,0,2
杰58638,杰58638,2026-03,700.0,700.0,0,0,5
杰68499,杰68499,2026-03,10470.0,10470.0,0,0,29
栩55267,栩55267,2026-03,2290.0,2290.0,0,0,7
榮00453,榮00453,2026-03,54440.0,54440.0,0,0,12
欣60070,欣60070,2026-03,1000.0,1000.0,0,0,1
欣73688,欣73688,2026-03,820.0,820.0,0,0,2
武01536,武01536,2026-03,13740.0,13740.0,0,0,30
毅05859,毅05859,2026-03,160.0,160.0,0,0,1
毅28323,毅28323,2026-03,5240.0,5240.0,0,0,11
沛56848,沛56848,2026-03,5940.0,5940.0,0,0,14
涵54985,涵54985,2026-03,320.0,320.0,0,0,3
涵59495,涵59495,2026-03,100.0,100.0,0,0,1
涵76201,涵76201,2026-03,100.0,100.0,0,0,1
淇91733,淇91733,2026-03,14240.0,14240.0,0,0,13
源93055,源93055,2026-03,1000.0,1000.0,0,0,1
澂29488,澂29488,2026-03,48980.0,48980.0,0,0,27
澄24968,澄24968,2026-03,37850.0,37850.0,0,0,9
玉52466,玉52466,2026-03,5150.0,5150.0,0,0,2
玟95271,玟95271,2026-03,8100.0,8100.0,0,0,4
玲63859,玲63859,2026-03,1260.0,1260.0,0,0,10
珊34062,珊34062,2026-03,1200.0,1200.0,0,0,8
琳38233,琳38233,2026-03,13000.0,13000.0,0,0,1
瑜21391,瑜21391,2026-03,4830.0,4830.0,0,0,3
瑜86129,瑜86129,2026-03,4500.0,4500.0,0,0,14
瑩60666,瑩60666,2026-03,11550.0,11550.0,0,0,29
甯19553,甯19553,2026-03,23520.0,23520.0,0,0,24
盈95104,盈95104,2026-03,1590.0,1590.0,0,0,10
益08378,益08378,2026-03,30150.0,30150.0,0,0,31
禧32526,禧32526,2026-03,9760.0,9760.0,0,0,10
程75168,程75168,2026-03,10720.0,10720.0,0,0,13
維13812,維13812,2026-03,500.0,500.0,0,0,1
維32776,維32776,2026-03,3250.0,3250.0,0,0,12
維47066,維47066,2026-03,4770.0,4770.0,0,0,25
維57981,維57981,2026-03,5600.0,5600.0,0,0,31
綺10706,綺10706,2026-03,5290.0,5290.0,0,0,22
緯39201,緯39201,2026-03,36130.0,36130.0,0,0,31
翔56662,翔56662,2026-03,2220.0,2220.0,0,0,4
翰24281,翰24281,2026-03,7320.0,7320.0,0,0,7
臻25171,臻25171,2026-03,350.0,350.0,0,0,2
興78482,興78482,2026-03,32400.0,32400.0,0,0,31
良07389,良07389,2026-03,2000.0,2000.0,0,0,1
芳60424,芳60424,2026-03,1500.0,1500.0,0,0,8
菘50858,菘50858,2026-03,4720.0,4720.0,0,0,3
華01249,華01249,2026-03,8980.0,8980.0,0,0,14
菱05459,菱05459,2026-03,120870.0,120870.0,0,0,30
萱14971,萱14971,2026-03,12600.0,12600.0,0,0,31
萱36287,萱36287,2026-03,1200.0,1200.0,0,0,2
評85519,評85519,2026-03,1020.0,1020.0,0,0,1
諭33941,諭33941,2026-03,472920.0,472920.0,0,0,18
諺30142,諺30142,2026-03,5000.0,5000.0,0,0,2
謙32533,謙32533,2026-03,4800.0,4800.0,0,0,13
謙95087,謙95087,2026-03,138080.0,138080.0,0,0,21
豪05940,豪05940,2026-03,1000.0,1000.0,0,0,7
豪59151,豪59151,2026-03,700.0,700.0,0,0,3
賢79356,賢79356,2026-03,22010.0,22010.0,0,0,8
軒05602,軒05602,2026-03,20720.0,20720.0,0,0,26
軒09236,軒09236,2026-03,24250.0,24250.0,0,0,10
軒36411,軒36411,2026-03,167720.0,167720.0,0,0,24
軒64007,軒64007,2026-03,24950.0,24950.0,0,0,16
遠66632,遠66632,2026-03,8290.0,8290.0,0,0,8
鈞52198,鈞52198,2026-03,8370.0,8370.0,0,0,5
鈺95567,鈺95567,2026-03,8830.0,8830.0,0,0,14
銘11077,銘11077,2026-03,13620.0,13620.0,0,0,14
銘59613,銘59613,2026-03,15370.0,15370.0,0,0,26
鎰31980,鎰31980,2026-03,800.0,800.0,0,0,2
霖13690,霖13690,2026-03,250.0,250.0,0,0,1
霖54051,霖54051,2026-03,5710.0,5710.0,0,0,14
非34597,非34597,2026-03,2510.0,2510.0,0,0,2
頡23375,頡23375,2026-03,2920.0,2920.0,0,0,9
馨98939,馨98939,2026-03,3150.0,3150.0,0,0,7
駿85777,駿85777,2026-03,200.0,200.0,0,0,2
鴻56845,鴻56845,2026-03,11360.0,11360.0,0,0,6
中91199,中91199,2026-04,49890.0,49890.0,0,0,8
仁54863,仁54863,2026-04,2270.0,2270.0,0,0,7
任09557,任09557,2026-04,280.0,280.0,0,0,1
侖67536,侖67536,2026-04,7570.0,7570.0,0,0,10
倫38837,倫38837,2026-04,7060.0,7060.0,0,0,11
健19267,健19267,2026-04,1210.0,1210.0,0,0,6
傑03111,傑03111,2026-04,38670.0,38670.0,0,0,14
傑23883,傑23883,2026-04,1220.0,1220.0,0,0,5
元49902,元49902,2026-04,1980.0,1980.0,0,0,1
元60429,元60429,2026-04,17910.0,17910.0,0,0,18
元80913,元80913,2026-04,3630.0,3630.0,0,0,9
凌44746,凌44746,2026-04,92560.0,92560.0,0,0,20
凝39611,凝39611,2026-04,24780.0,24780.0,0,0,17
凱38025,凱38025,2026-04,17450.0,17450.0,0,0,13
凱40910,凱40910,2026-04,1980.0,1980.0,0,0,15
凱84338,凱84338,2026-04,41390.0,41390.0,0,0,17
勳11486,勳11486,2026-04,12690.0,12690.0,0,0,14
升10755,升10755,2026-04,1220.0,1220.0,0,0,10
升61990,升61990,2026-04,10650.0,10650.0,0,0,11
叡47110,叡47110,2026-04,3070.0,3070.0,0,0,5
和92554,和92554,2026-04,26330.0,26330.0,0,0,8
哲18480,哲18480,2026-04,200.0,200.0,0,0,1
姍89796,姍89796,2026-04,11030.0,11030.0,0,0,20
威71924,威71924,2026-04,492860.0,492860.0,0,0,19
婷79158,婷79158,2026-04,880.0,880.0,0,0,5
存62511,存62511,2026-04,22660.0,22660.0,0,0,20
學14503,學14503,2026-04,420.0,420.0,0,0,3
宇42540,宇42540,2026-04,2150.0,2150.0,0,0,5
宇69616,宇69616,2026-04,14520.0,14520.0,0,0,20
宇89108,宇89108,2026-04,10410.0,10410.0,0,0,19
安28190,安28190,2026-04,6420.0,6420.0,0,0,4
安53940,安53940,2026-04,3100.0,3100.0,0,0,2
宏98412,宏98412,2026-04,2770.0,2770.0,0,0,13
宥07052,宥07052,2026-04,10340.0,10340.0,0,0,6
宸03518,宸03518,2026-04,26590.0,26590.0,0,0,20
宸21830,宸21830,2026-04,2160.0,2160.0,0,0,12
富31837,富31837,2026-04,600.0,600.0,0,0,3
寧01591,寧01591,2026-04,5400.0,5400.0,0,0,1
岑89796,岑89796,2026-04,2000.0,2000.0,0,0,1
峻59497,峻59497,2026-04,100.0,100.0,0,0,1
庭27805,庭27805,2026-04,30690.0,30690.0,0,0,16
庭33223,庭33223,2026-04,17810.0,17810.0,0,0,13
庭69175,庭69175,2026-04,5720.0,5720.0,0,0,16
廷30202,廷30202,2026-04,2310.0,2310.0,0,0,6
廷62678,廷62678,2026-04,209200.0,209200.0,0,0,19
弘68935,弘68935,2026-04,210.0,210.0,0,0,1
彥47471,彥47471,2026-04,10370.0,10370.0,0,0,19
彥61883,彥61883,2026-04,3590.0,3590.0,0,0,5
彬75573,彬75573,2026-04,5910.0,5910.0,0,0,20
恩85861,恩85861,2026-04,1000.0,1000.0,0,0,1
惠88961,惠88961,2026-04,250.0,250.0,0,0,1
慧34192,慧34192,2026-04,6470.0,6470.0,0,0,10
憲81755,憲81755,2026-04,1200.0,1200.0,0,0,4
承10215,承10215,2026-04,100530.0,100530.0,0,0,20
捷34766,捷34766,2026-04,15410.0,15410.0,0,0,20
敏37843,敏37843,2026-04,1050.0,1050.0,0,0,6
文14995,文14995,2026-04,7780.0,7780.0,0,0,15
斐93433,斐93433,2026-04,700.0,700.0,0,0,3
新65742,新65742,2026-04,3450.0,3450.0,0,0,7
旻05248,旻05248,2026-04,1000.0,1000.0,0,0,4
晨65375,晨65375,2026-04,400.0,400.0,0,0,4
智25081,智25081,2026-04,150.0,150.0,0,0,1
暘67299,暘67299,2026-04,5600.0,5600.0,0,0,4
曦36235,曦36235,2026-04,1240.0,1240.0,0,0,2
杰58638,杰58638,2026-04,1430.0,1430.0,0,0,9
杰68499,杰68499,2026-04,5630.0,5630.0,0,0,17
松06429,松06429,2026-04,24080.0,24080.0,0,0,19
榮00453,榮00453,2026-04,58740.0,58740.0,0,0,7
欣73688,欣73688,2026-04,200.0,200.0,0,0,1
武01536,武01536,2026-04,8930.0,8930.0,0,0,20
毅28323,毅28323,2026-04,1220.0,1220.0,0,0,3
毅30673,毅30673,2026-04,1660.0,1660.0,0,0,4
民47843,民47843,2026-04,11330.0,11330.0,0,0,10
沛56848,沛56848,2026-04,1610.0,1610.0,0,0,6
涵76201,涵76201,2026-04,800.0,800.0,0,0,4
涵93485,涵93485,2026-04,3600.0,3600.0,0,0,12
淇91733,淇91733,2026-04,2200.0,2200.0,0,0,4
源93055,源93055,2026-04,3050.0,3050.0,0,0,5
澂29488,澂29488,2026-04,2090.0,2090.0,0,0,4
熹92963,熹92963,2026-04,540.0,540.0,0,0,2
燁76078,燁76078,2026-04,2370.0,2370.0,0,0,4
玟95271,玟95271,2026-04,1790.0,1790.0,0,0,7
玲63859,玲63859,2026-04,220.0,220.0,0,0,2
珊34062,珊34062,2026-04,100.0,100.0,0,0,1
瑜21391,瑜21391,2026-04,350.0,350.0,0,0,2
瑜86129,瑜86129,2026-04,500.0,500.0,0,0,4
瑩60666,瑩60666,2026-04,5080.0,5080.0,0,0,16
甯19553,甯19553,2026-04,14220.0,14220.0,0,0,14
盈95104,盈95104,2026-04,1460.0,1460.0,0,0,11
益08378,益08378,2026-04,24030.0,24030.0,0,0,20
禧32526,禧32526,2026-04,20840.0,20840.0,0,0,9
程75168,程75168,2026-04,1000.0,1000.0,0,0,1
穎01575,穎01575,2026-04,4180.0,4180.0,0,0,4
維32776,維32776,2026-04,3010.0,3010.0,0,0,12
維47066,維47066,2026-04,3000.0,3000.0,0,0,13
維57981,維57981,2026-04,2500.0,2500.0,0,0,17
綺10706,綺10706,2026-04,3180.0,3180.0,0,0,15
緯39201,緯39201,2026-04,86600.0,86600.0,0,0,20
緯57138,緯57138,2026-04,1000.0,1000.0,0,0,1
緯93650,緯93650,2026-04,400.0,400.0,0,0,2
群84710,群84710,2026-04,3050.0,3050.0,0,0,11
羽85928,羽85928,2026-04,3300.0,3300.0,0,0,4
翰24281,翰24281,2026-04,1960.0,1960.0,0,0,12
翰66687,翰66687,2026-04,3630.0,3630.0,0,0,7
翾00498,翾00498,2026-04,900.0,900.0,0,0,3
臻25171,臻25171,2026-04,300.0,300.0,0,0,2
興78482,興78482,2026-04,26000.0,26000.0,0,0,20
芳07582,芳07582,2026-04,19730.0,19730.0,0,0,6
芳60424,芳60424,2026-04,9100.0,9100.0,0,0,20
華01249,華01249,2026-04,400.0,400.0,0,0,1
菱05459,菱05459,2026-04,47200.0,47200.0,0,0,16
萱14971,萱14971,2026-04,6450.0,6450.0,0,0,15
言37886,言37886,2026-04,1660.0,1660.0,0,0,1
誠31598,誠31598,2026-04,1840.0,1840.0,0,0,3
諭33941,諭33941,2026-04,44750.0,44750.0,0,0,19
謙32533,謙32533,2026-04,2500.0,2500.0,0,0,4
謙95087,謙95087,2026-04,15340.0,15340.0,0,0,2
豪05940,豪05940,2026-04,1510.0,1510.0,0,0,8
豪59151,豪59151,2026-04,2400.0,2400.0,0,0,10
豪81638,豪81638,2026-04,5050.0,5050.0,0,0,8
貴55508,貴55508,2026-04,311200.0,311200.0,0,0,9
賢79356,賢79356,2026-04,11920.0,11920.0,0,0,5
賢87509,賢87509,2026-04,59470.0,59470.0,0,0,17
軒05602,軒05602,2026-04,4950.0,4950.0,0,0,9
軒09236,軒09236,2026-04,970.0,970.0,0,0,3
軒36411,軒36411,2026-04,16100.0,16100.0,0,0,8
軒64007,軒64007,2026-04,9060.0,9060.0,0,0,9
遠66632,遠66632,2026-04,2790.0,2790.0,0,0,3
鈞52198,鈞52198,2026-04,2240.0,2240.0,0,0,3
鈺95567,鈺95567,2026-04,12140.0,12140.0,0,0,13
銘11077,銘11077,2026-04,9820.0,9820.0,0,0,11
銘59613,銘59613,2026-04,7790.0,7790.0,0,0,17
霖13690,霖13690,2026-04,680.0,680.0,0,0,2
霖54051,霖54051,2026-04,2460.0,2460.0,0,0,3
非34597,非34597,2026-04,1760.0,1760.0,0,0,4
駿85777,駿85777,2026-04,100.0,100.0,0,0,1
