user_id,user_name,first_bet_month,status
宣74217,宣74217,2025-04,active
名86692,名86692,2025-04,active
喜15503,喜15503,2025-04,active
璿99388,璿99388,2025-04,active
沛56848,沛56848,2025-04,active
安53940,安53940,2025-04,active
毅05859,毅05859,2025-04,active
聖11763,聖11763,2025-04,active
欣49525,欣49525,2025-04,active
親54562,親54562,2025-04,active
洋76635,洋76635,2025-04,active
承10215,承10215,2025-04,active
馨98939,馨98939,2025-04,active
安20936,安20936,2025-04,active
弘68935,弘68935,2025-04,active
伶94139,伶94139,2025-04,active
蓉73052,蓉73052,2025-04,active
榮17126,榮17126,2025-04,active
廷30202,廷30202,2025-04,active
家66121,家66121,2025-04,active
宇47054,宇47054,2025-04,active
勳11486,勳11486,2025-04,active
軒05602,軒05602,2025-04,active
存62511,存62511,2025-04,active
謙32533,謙32533,2025-04,active
芸82169,芸82169,2025-04,active
意75407,意75407,2025-04,active
庭27805,庭27805,2025-04,active
軒64007,軒64007,2025-04,active
菱05459,菱05459,2025-04,active
翔48752,翔48752,2025-04,active
君86170,君86170,2025-04,active
維32776,維32776,2025-04,active
惠88961,惠88961,2025-04,active
莉85335,莉85335,2025-04,active
傑23883,傑23883,2025-04,active
勳58638,勳58638,2025-04,active
宸03518,宸03518,2025-04,active
羽85928,羽85928,2025-04,active
凱84338,凱84338,2025-04,active
叡47110,叡47110,2025-04,active
富31837,富31837,2025-04,active
緯39201,緯39201,2025-04,active
益08378,益08378,2025-04,active
維57981,維57981,2025-04,active
凌44746,凌44746,2025-04,active
俞62280,俞62280,2025-04,active
忠64375,忠64375,2025-04,active
彬75573,彬75573,2025-04,active
健19267,健19267,2025-04,active
盈95104,盈95104,2025-04,active
珀26821,珀26821,2025-04,active
宸36021,宸36021,2025-04,active
欣73688,欣73688,2025-04,active
源93055,源93055,2025-04,active
宏60063,宏60063,2025-04,active
軒09236,軒09236,2025-04,active
亦12570,亦12570,2025-04,active
翊87829,翊87829,2025-04,active
均12175,均12175,2025-04,active
芬41176,芬41176,2025-04,active
婕76351,婕76351,2025-04,active
屹62125,屹62125,2025-04,active
容29078,容29078,2025-04,active
燁79955,燁79955,2025-04,active
和36894,和36894,2025-04,active
菘50858,菘50858,2025-04,active
晏33522,晏33522,2025-04,active
瑩60666,瑩60666,2025-04,active
玟95271,玟95271,2025-04,active
祥08774,祥08774,2025-04,active
鴻56845,鴻56845,2025-04,active
珠25750,珠25750,2025-04,active
緯93650,緯93650,2025-04,active
玄80100,玄80100,2025-04,active
霖13690,霖13690,2025-04,active
鎰31980,鎰31980,2025-04,active
峰88381,峰88381,2025-04,active
涵60652,涵60652,2025-04,active
倫28041,倫28041,2025-04,active
榮24362,榮24362,2025-04,active
文53688,文53688,2025-04,active
賢20426,賢20426,2025-04,active
甯19553,甯19553,2025-04,active
玉50886,玉50886,2025-04,active
珊34062,珊34062,2025-04,active
蓉00051,蓉00051,2025-04,active
曦36235,曦36235,2025-04,active
翔98531,翔98531,2025-04,active
涵54985,涵54985,2025-04,active
維13812,維13812,2025-04,active
宏98412,宏98412,2025-04,active
豪59151,豪59151,2025-04,active
文81466,文81466,2025-04,active
勳31958,勳31958,2025-04,active
薇84646,薇84646,2025-04,active
蓁78959,蓁78959,2025-04,active
禧32526,禧32526,2025-04,active
秀33329,秀33329,2025-04,active
愷52793,愷52793,2025-04,active
寶70120,寶70120,2025-04,active
寧01591,寧01591,2025-04,active
非34597,非34597,2025-04,active
駪01151,駪01151,2025-04,active
樺50708,樺50708,2025-04,active
廉54480,廉54480,2025-04,active
宏27198,宏27198,2025-04,active
瑩16876,瑩16876,2025-04,active
凱96243,凱96243,2025-04,active
傑23464,傑23464,2025-04,active
威71924,威71924,2025-04,active
順82168,順82168,2025-04,active
廷62678,廷62678,2025-04,active
瑄61066,瑄61066,2025-05,active
卉26953,卉26953,2025-05,active
凱44136,凱44136,2025-05,active
徹59525,徹59525,2025-05,active
瑋61797,瑋61797,2025-05,active
恩60245,恩60245,2025-05,active
鴻70824,鴻70824,2025-05,active
涵56458,涵56458,2025-05,active
宇42540,宇42540,2025-05,active
予76099,予76099,2025-05,active
旻65571,旻65571,2025-05,active
岑89796,岑89796,2025-05,active
宇89108,宇89108,2025-05,active
賢79356,賢79356,2025-05,active
嫆21163,嫆21163,2025-05,active
臻25171,臻25171,2025-05,active
涵76201,涵76201,2025-05,active
綺10706,綺10706,2025-05,active
禎76679,禎76679,2025-05,active
宇30732,宇30732,2025-05,active
桓53540,桓53540,2025-05,active
喻38606,喻38606,2025-05,active
傑55303,傑55303,2025-05,active
彰77020,彰77020,2025-05,active
遙29284,遙29284,2025-05,active
豪75727,豪75727,2025-05,active
諺30142,諺30142,2025-05,active
峻59497,峻59497,2025-05,active
旻05248,旻05248,2025-05,active
銘66580,銘66580,2025-05,active
涵59495,涵59495,2025-05,active
皓03704,皓03704,2025-05,active
君40100,君40100,2025-05,active
豪69270,豪69270,2025-05,active
鈞52198,鈞52198,2025-05,active
霖31578,霖31578,2025-06,active
勳31514,勳31514,2025-06,active
源03591,源03591,2025-06,active
彥57170,彥57170,2025-06,active
潁48378,潁48378,2025-06,active
嘉08834,嘉08834,2025-06,active
芃96336,芃96336,2025-06,active
文88574,文88574,2025-06,active
夆71824,夆71824,2025-06,active
風08838,風08838,2025-06,active
緯17509,緯17509,2025-06,active
智30333,智30333,2025-06,active
淇91733,淇91733,2025-06,active
偉04701,偉04701,2025-06,active
捷53847,捷53847,2025-06,active
豪05940,豪05940,2025-06,active
良07389,良07389,2025-06,active
生01731,生01731,2025-06,active
緯88403,緯88403,2025-06,active
璇75630,璇75630,2025-06,active
涓10816,涓10816,2025-06,active
驊97468,驊97468,2025-06,active
銘96975,銘96975,2025-06,active
瑋35434,瑋35434,2025-06,active
芳10625,芳10625,2025-06,active
欣95238,欣95238,2025-06,active
堯94865,堯94865,2025-06,active
妤20335,妤20335,2025-06,active
庭69175,庭69175,2025-06,active
瑜86129,瑜86129,2025-06,active
華01249,華01249,2025-06,active
玟37109,玟37109,2025-06,active
茵20911,茵20911,2025-06,active
欽86573,欽86573,2025-06,active
傑82469,傑82469,2025-06,active
均15908,均15908,2025-06,active
元58368,元58368,2025-06,active
麟03196,麟03196,2025-06,active
昇32949,昇32949,2025-06,active
杰58638,杰58638,2025-06,active
恩76502,恩76502,2025-06,active
嬨77522,嬨77522,2025-06,active
元55038,元55038,2025-06,active
廷26066,廷26066,2025-06,active
廷48228,廷48228,2025-06,active
婷79158,婷79158,2025-06,active
安67945,安67945,2025-06,active
傑15992,傑15992,2025-07,active
書83102,書83102,2025-07,active
丞03947,丞03947,2025-07,active
妤78993,妤78993,2025-07,active
仁54863,仁54863,2025-07,active
瑄04879,瑄04879,2025-07,active
宸03377,宸03377,2025-07,active
恩54100,恩54100,2025-07,active
智25081,智25081,2025-07,active
偉94665,偉94665,2025-07,active
璋07559,璋07559,2025-07,active
瑋30393,瑋30393,2025-07,active
安74701,安74701,2025-07,active
瑋61101,瑋61101,2025-07,active
琳38233,琳38233,2025-07,active
予03167,予03167,2025-07,active
哲18480,哲18480,2025-07,active
軒08765,軒08765,2025-07,active
雲41111,雲41111,2025-08,active
玲76584,玲76584,2025-08,active
蓉45345,蓉45345,2025-08,active
萱97630,萱97630,2025-08,active
辰63812,辰63812,2025-08,active
鈺95567,鈺95567,2025-08,active
宇53788,宇53788,2025-08,active
興78482,興78482,2025-08,active
然15787,然15787,2025-08,active
辰52732,辰52732,2025-08,active
謙95087,謙95087,2025-09,active
佑71324,佑71324,2025-09,active
懋78356,懋78356,2025-09,active
安16530,安16530,2025-09,active
銘59613,銘59613,2025-09,active
學14503,學14503,2025-09,active
瑜21391,瑜21391,2025-10,active
維47066,維47066,2025-10,active
豪46471,豪46471,2025-10,active
玹38039,玹38039,2025-10,active
恩26347,恩26347,2025-10,active
恩67173,恩67173,2025-10,active
傳17916,傳17916,2025-10,active
玉52466,玉52466,2025-10,active
瑞88383,瑞88383,2025-10,active
毅88025,毅88025,2025-11,active
叡69746,叡69746,2025-11,active
晨65375,晨65375,2025-11,active
杰68499,杰68499,2025-11,active
宸06682,宸06682,2025-11,active
倫50221,倫50221,2025-11,active
群84710,群84710,2025-11,active
遠66632,遠66632,2025-12,active
雯64089,雯64089,2025-12,active
宇69616,宇69616,2025-12,active
杰42334,杰42334,2025-12,active
軒36411,軒36411,2025-12,active
恩85861,恩85861,2025-12,active
皓02563,皓02563,2025-12,active
萱14971,萱14971,2025-12,active
瑞17012,瑞17012,2025-12,active
新65742,新65742,2025-12,active
賢72047,賢72047,2025-12,active
恩67794,恩67794,2026-01,active
程75168,程75168,2026-01,active
欣60070,欣60070,2026-01,active
毅28323,毅28323,2026-01,active
侖67536,侖67536,2026-01,active
評85519,評85519,2026-01,active
凝39611,凝39611,2026-01,active
彥61883,彥61883,2026-01,active
武01536,武01536,2026-01,active
澂29488,澂29488,2026-01,active
霖54051,霖54051,2026-02,active
澄24968,澄24968,2026-02,active
佑39227,佑39227,2026-02,active
安28190,安28190,2026-02,active
銘11077,銘11077,2026-02,active
萱36287,萱36287,2026-03,active
翔56662,翔56662,2026-03,active
栩55267,栩55267,2026-03,active
揚82260,揚82260,2026-03,active
德31019,德31019,2026-03,active
宸21830,宸21830,2026-03,active
頡23375,頡23375,2026-03,active
憲90055,憲90055,2026-03,active
倪59638,倪59638,2026-03,active
諭33941,諭33941,2026-03,active
翰24281,翰24281,2026-03,active
暘67299,暘67299,2026-03,active
榮00453,榮00453,2026-03,active
中91199,中91199,2026-03,active
捷34766,捷34766,2026-03,active
元60429,元60429,2026-03,active
玲63859,玲63859,2026-03,active
廷08463,廷08463,2026-03,active
彥47471,彥47471,2026-03,active
芳60424,芳60424,2026-03,active
駿85777,駿85777,2026-03,active
傑03111,傑03111,2026-03,active
文14995,文14995,2026-03,active
凱40910,凱40910,2026-03,active
姍89796,姍89796,2026-03,active
松06429,松06429,2026-04,active
賢87509,賢87509,2026-04,active
升10755,升10755,2026-04,active
凱38025,凱38025,2026-04,active
庭33223,庭33223,2026-04,active
敏37843,敏37843,2026-04,active
涵93485,涵93485,2026-04,active
貴55508,貴55508,2026-04,active
豪81638,豪81638,2026-04,active
慧34192,慧34192,2026-04,active
緯57138,緯57138,2026-04,active
元80913,元80913,2026-04,active
倫38837,倫38837,2026-04,active
升61990,升61990,2026-04,active
民47843,民47843,2026-04,active
和92554,和92554,2026-04,active
翰66687,翰66687,2026-04,active
宥07052,宥07052,2026-04,active
芳07582,芳07582,2026-04,active
穎01575,穎01575,2026-04,active
憲81755,憲81755,2026-04,active
燁76078,燁76078,2026-04,active
熹92963,熹92963,2026-04,active
毅30673,毅30673,2026-04,active
元49902,元49902,2026-04,active
誠31598,誠31598,2026-04,active
斐93433,斐93433,2026-04,active
翾00498,翾00498,2026-04,active
言37886,言37886,2026-04,active
任09557,任09557,2026-04,active
